,variant_id,hamming_dist_DNA,hamming_dist_AA,variant_type,fragment,median_log10_freq,Selection coefficient,expected_effect,expected_phenotype
3,A409T,1,1,non-synonymous,F4,-3.166468760207903,,Not in the DMS,Not in the DMS
9,A430T,1,1,non-synonymous,F4,-3.174027775158,,Not in the DMS,Not in the DMS
40,A516T,1,1,non-synonymous,F4,-3.0293197457824177,,Not in the DMS,Not in the DMS
56,D421A,1,1,non-synonymous,F4,-2.20126938056188,,Not in the DMS,Not in the DMS
58,D421G,1,1,non-synonymous,F4,-3.2743108051770253,,Not in the DMS,Not in the DMS
60,D421V,1,1,non-synonymous,F4,-2.8285633415765377,,Not in the DMS,Not in the DMS
80,D496D,1,0,synonymous,F4,-3.246449748109808,,Not in the DMS,Not in the DMS
124,E473V,1,1,non-synonymous,F4,-3.0292648118857066,0.190065085794797,Beneficial,Resistant
152,F449C,1,1,non-synonymous,F4,-2.3934588523142946,0.204529143655001,Beneficial,Resistant
154,F449I,1,1,non-synonymous,F4,-2.55635204950591,0.181823212378235,Beneficial,Resistant
155,F449L,1,1,non-synonymous,F4,-2.9923776492964684,0.179905577583979,Beneficial,Resistant
156,F449S,1,1,non-synonymous,F4,-2.876098159576086,0.211001675325078,Beneficial,Resistant
157,F449V,1,1,non-synonymous,F4,-2.351997412170122,0.195276499767073,Beneficial,Resistant
158,F449Y,1,1,non-synonymous,F4,-3.041160166433515,0.155887753793475,Beneficial,Resistant
184,G407D,1,1,non-synonymous,F4,-2.639419146765751,0.154835123375379,Beneficial,Resistant
186,G407S,1,1,non-synonymous,F4,-3.08026517600434,0.140049332124665,Beneficial,Resistant
189,G448D,1,1,non-synonymous,F4,-2.3973936327693925,0.197550385296033,Beneficial,Resistant
193,G450E,1,1,non-synonymous,F4,-2.2485547567501776,0.186076817446119,Beneficial,Resistant
195,G450R,1,1,non-synonymous,F4,-2.0754645968541983,0.172989678259578,Beneficial,Resistant
207,G464S,1,1,non-synonymous,F4,-1.7376765599977828,0.323453642393857,Beneficial,Resistant
211,G465G,1,0,synonymous,F4,-2.5745411322413854,0.034974202937187,Neutral,Sensitive
216,G466D,1,1,non-synonymous,F4,-3.262709670266549,0.137814405903732,Beneficial,Resistant
218,G466S,1,1,non-synonymous,F4,-2.7554624135508297,0.166934646463059,Beneficial,Resistant
258,H468H,1,0,synonymous,F4,-3.301768450525299,0.0282294861578733,Neutral,Sensitive
316,K451I,1,1,non-synonymous,F4,-3.1531112318283547,,Not in the DMS,Not in the DMS
323,K454K,1,0,synonymous,F4,-3.304721635778181,,Not in the DMS,Not in the DMS
355,L461V,1,1,non-synonymous,F4,-2.009561238355341,0.207000464879793,Beneficial,Resistant
421,P375H,1,1,non-synonymous,F4,-2.0974337621995662,0.146209304897756,Beneficial,Resistant
422,P375L,1,1,non-synonymous,F4,-2.023807450029345,0.247827434366868,Beneficial,Resistant
482,P512L,1,1,non-synonymous,F4,-2.710254630902198,,Not in the DMS,Not in the DMS
491,P515T,1,1,non-synonymous,F4,-3.140073598853466,,Not in the DMS,Not in the DMS
521,R414R,1,0,synonymous,F4,-2.962230523315593,,Not in the DMS,Not in the DMS
522,R414S,1,1,non-synonymous,F4,-3.122827180732481,,Not in the DMS,Not in the DMS
530,R467I,1,1,non-synonymous,F4,-3.2254802936861133,0.267072775648599,Beneficial,Resistant
622,T411M,1,1,non-synonymous,F4,-2.947215604784538,,Not in the DMS,Not in the DMS
691,V452A,1,1,non-synonymous,F4,-3.238311765040587,0.232857574532503,Beneficial,Resistant
717,V509I,1,1,non-synonymous,F4,-2.085971823230829,0.322968637726732,Beneficial,Resistant
718,V509L,1,1,non-synonymous,F4,-2.1838994063959123,0.324011882923768,Beneficial,Resistant
754,Y415C,1,1,non-synonymous,F4,-3.018590223812104,,Not in the DMS,Not in the DMS
756,Y415F,1,1,non-synonymous,F4,-3.032877234525888,,Not in the DMS,Not in the DMS
757,Y415S,1,1,non-synonymous,F4,-3.061746683152686,,Not in the DMS,Not in the DMS
762,Y447Y,1,0,synonymous,F4,-3.17620864700952,0.0522068465914266,Neutral,Sensitive
