"well","plate","strain","plasmid","row","column","stress","temperature","doxycycline","well_id","v_max","auc","final_abs"
"A1",1,"Tet-O7-ERG3","pRS315","A",1,"0.005% SDS",37,"10 µg/mL","A1_1",0.002,4.97225,0.105
"A2",1,"Tet-O7-ERG3","pRS315","A",2,"0.005% SDS",37,"10 µg/mL","A2_1",0.001,5.012125,0.111
"A3",1,"Tet-O7-ERG3","pRS315","A",3,"0.005% SDS",37,"10 µg/mL","A3_1",0.001,4.972,0.108
"A4",1,"Tet-O7-ERG6","pRS315","A",4,"0.005% SDS",37,"10 µg/mL","A4_1",0.0099999999999999,14.919125,0.815
"A5",1,"Tet-O7-ERG6","pRS315","A",5,"0.005% SDS",37,"10 µg/mL","A5_1",0.00600000000000001,10.5425,0.549
"A6",1,"Tet-O7-ERG6","pRS315","A",6,"0.005% SDS",37,"10 µg/mL","A6_1",0.00600000000000001,11.340375,0.573
"A7",1,"▲erg3","pRS315","A",7,"0.005% SDS",37,"None","A7_1",0.001,4.669125,0.097
"A8",1,"▲erg3","pRS315","A",8,"0.005% SDS",37,"None","A8_1",0.001,4.507375,0.094
"A9",1,"▲erg3","pRS315","A",9,"0.005% SDS",37,"None","A9_1",0.001,4.6525,0.097
"A10",1,"▲erg6","pRS315","A",10,"0.005% SDS",37,"None","A10_1",0.001,4.56225,0.094
"A11",1,"▲erg6","pRS315","A",11,"0.005% SDS",37,"None","A11_1",0.001,4.873625,0.096
"A12",1,"▲erg6","pRS315","A",12,"0.005% SDS",37,"None","A12_1",0.001,4.942375,0.101
"B1",1,"Tet-O7-ERG3","pRS315-ScerERG3","B",1,"0.005% SDS",37,"10 µg/mL","B1_1",0.015,19.877875,0.909
"B2",1,"Tet-O7-ERG3","pRS315-ScerERG3","B",2,"0.005% SDS",37,"10 µg/mL","B2_1",0.019,24.032,1.062
"B3",1,"Tet-O7-ERG3","pRS315-ScerERG3","B",3,"0.005% SDS",37,"10 µg/mL","B3_1",0.0179999999999999,21.146875,0.949
"B4",1,"Tet-O7-ERG6","pRS315-ScerERG6","B",4,"0.005% SDS",37,"10 µg/mL","B4_1",0.015,20.456,0.825
"B5",1,"Tet-O7-ERG6","pRS315-ScerERG6","B",5,"0.005% SDS",37,"10 µg/mL","B5_1",0.017,22.853,0.935
"B6",1,"Tet-O7-ERG6","pRS315-ScerERG6","B",6,"0.005% SDS",37,"10 µg/mL","B6_1",0.018,24.519,0.988
"B7",1,"▲erg3","pRS315-ScerERG3","B",7,"0.005% SDS",37,"None","B7_1",0.015,18.250375,0.994
"B8",1,"▲erg3","pRS315-ScerERG3","B",8,"0.005% SDS",37,"None","B8_1",0.014,16.56825,0.877
"B9",1,"▲erg3","pRS315-ScerERG3","B",9,"0.005% SDS",37,"None","B9_1",0.018,22.562375,1.138
"B10",1,"▲erg6","pRS315-ScerERG6","B",10,"0.005% SDS",37,"None","B10_1",0.015,19.6795,1.001
"B11",1,"▲erg6","pRS315-ScerERG6","B",11,"0.005% SDS",37,"None","B11_1",0.0169999999999999,22.727375,1.034
"B12",1,"▲erg6","pRS315-ScerERG6","B",12,"0.005% SDS",37,"None","B12_1",0.012,18.345,0.893
"C1",1,"Tet-O7-ERG3","pRS315-CalbERG3","C",1,"0.005% SDS",37,"10 µg/mL","C1_1",0.015,22.149375,0.943
"C2",1,"Tet-O7-ERG3","pRS315-CalbERG3","C",2,"0.005% SDS",37,"10 µg/mL","C2_1",0.0179999999999999,21.56275,0.996
"C3",1,"Tet-O7-ERG3","pRS315-CalbERG3","C",3,"0.005% SDS",37,"10 µg/mL","C3_1",0.018,20.493875,0.963
"C4",1,"Tet-O7-ERG6","pRS315-CalbERG6","C",4,"0.005% SDS",37,"10 µg/mL","C4_1",0.019,26.822,1.1
"C5",1,"Tet-O7-ERG6","pRS315-CalbERG6","C",5,"0.005% SDS",37,"10 µg/mL","C5_1",0.017,23.7445,1.013
"C6",1,"Tet-O7-ERG6","pRS315-CalbERG6","C",6,"0.005% SDS",37,"10 µg/mL","C6_1",0.015,21.32,0.857
"C7",1,"▲erg3","pRS315-CalbERG3","C",7,"0.005% SDS",37,"None","C7_1",0.015,19.55925,1.01
"C8",1,"▲erg3","pRS315-CalbERG3","C",8,"0.005% SDS",37,"None","C8_1",0.013,14.673625,0.885
"C9",1,"▲erg3","pRS315-CalbERG3","C",9,"0.005% SDS",37,"None","C9_1",0.016,18.764875,1.051
"C10",1,"▲erg6","pRS315-CalbERG6","C",10,"0.005% SDS",37,"None","C10_1",0.015,20.562125,0.982
"C11",1,"▲erg6","pRS315-CalbERG6","C",11,"0.005% SDS",37,"None","C11_1",0.017,20.556375,1.011
"C12",1,"▲erg6","pRS315-CalbERG6","C",12,"0.005% SDS",37,"None","C12_1",0.012,16.349625,0.957
"D1",1,"Tet-O7-ERG3","pRS315-CaurERG3","D",1,"0.005% SDS",37,"10 µg/mL","D1_1",0.014,20.673375,0.87
"D2",1,"Tet-O7-ERG3","pRS315-CaurERG3","D",2,"0.005% SDS",37,"10 µg/mL","D2_1",0.016,20.75925,0.934
"D3",1,"Tet-O7-ERG3","pRS315-CaurERG3","D",3,"0.005% SDS",37,"10 µg/mL","D3_1",0.019,22.8195,1.068
"D4",1,"Tet-O7-ERG6","pRS315-CaurERG6","D",4,"0.005% SDS",37,"10 µg/mL","D4_1",0.017,23.501625,1.017
"D5",1,"Tet-O7-ERG6","pRS315-CaurERG6","D",5,"0.005% SDS",37,"10 µg/mL","D5_1",0.02,25.3735,1.054
"D6",1,"Tet-O7-ERG6","pRS315-CaurERG6","D",6,"0.005% SDS",37,"10 µg/mL","D6_1",0.017,25.60975,1.017
"D7",1,"▲erg3","pRS315-CaurERG3","D",7,"0.005% SDS",37,"None","D7_1",0.015,21.1975,1.06
"D8",1,"▲erg3","pRS315-CaurERG3","D",8,"0.005% SDS",37,"None","D8_1",0.013,15.3115,0.891
"D9",1,"▲erg3","pRS315-CaurERG3","D",9,"0.005% SDS",37,"None","D9_1",0.012,15.89125,0.87
"D10",1,"▲erg6","pRS315-CaurERG6","D",10,"0.005% SDS",37,"None","D10_1",0.016,21.93775,1.036
"D11",1,"▲erg6","pRS315-CaurERG6","D",11,"0.005% SDS",37,"None","D11_1",0.016,21.227375,0.995
"D12",1,"▲erg6","pRS315-CaurERG6","D",12,"0.005% SDS",37,"None","D12_1",0.01,14.75375,0.829
"E1",1,"Tet-O7-ERG3","pRS315-NglaERG3","E",1,"0.005% SDS",37,"10 µg/mL","E1_1",0.016,21.085375,0.949
"E2",1,"Tet-O7-ERG3","pRS315-NglaERG3","E",2,"0.005% SDS",37,"10 µg/mL","E2_1",0.018,21.361375,0.955
"E3",1,"Tet-O7-ERG3","pRS315-NglaERG3","E",3,"0.005% SDS",37,"10 µg/mL","E3_1",0.02,23.8415,1.112
"E4",1,"Tet-O7-ERG6","pRS315-NglaERG6","E",4,"0.005% SDS",37,"10 µg/mL","E4_1",0.018,25.26275,0.998
"E5",1,"Tet-O7-ERG6","pRS315-NglaERG6","E",5,"0.005% SDS",37,"10 µg/mL","E5_1",0.0189999999999999,25.225375,1.016
"E6",1,"Tet-O7-ERG6","pRS315-NglaERG6","E",6,"0.005% SDS",37,"10 µg/mL","E6_1",0.018,26.946125,0.996
"E7",1,"▲erg3","pRS315-NglaERG3","E",7,"0.005% SDS",37,"None","E7_1",0.015,18.90775,1.054
"E8",1,"▲erg3","pRS315-NglaERG3","E",8,"0.005% SDS",37,"None","E8_1",0.012,16.1355,0.927
"E9",1,"▲erg3","pRS315-NglaERG3","E",9,"0.005% SDS",37,"None","E9_1",0.015,18.971625,1.146
"E10",1,"▲erg6","pRS315-NglaERG6","E",10,"0.005% SDS",37,"None","E10_1",0.016,21.82075,1.028
"E11",1,"▲erg6","pRS315-NglaERG6","E",11,"0.005% SDS",37,"None","E11_1",0.015,19.56325,0.957
"E12",1,"▲erg6","pRS315-NglaERG6","E",12,"0.005% SDS",37,"None","E12_1",0.011,16.271125,0.907
"F1",1,"Tet-O7-ERG3","pRS315-CparERG3","F",1,"0.005% SDS",37,"10 µg/mL","F1_1",0.00700000000000001,10.83625,0.59
"F2",1,"Tet-O7-ERG3","pRS315-CparERG3","F",2,"0.005% SDS",37,"10 µg/mL","F2_1",0.013,16.183875,0.988
"F3",1,"Tet-O7-ERG3","pRS315-CparERG3","F",3,"0.005% SDS",37,"10 µg/mL","F3_1",0.00600000000000001,7.7095,0.401
"F4",1,"Tet-O7-ERG6","pRS315-CparERG6","F",4,"0.005% SDS",37,"10 µg/mL","F4_1",0.019,25.063,1.035
"F5",1,"Tet-O7-ERG6","pRS315-CparERG6","F",5,"0.005% SDS",37,"10 µg/mL","F5_1",0.016,20.480125,0.858
"F6",1,"Tet-O7-ERG6","pRS315-CparERG6","F",6,"0.005% SDS",37,"10 µg/mL","F6_1",0.019,24.918625,1.028
"F7",1,"▲erg3","pRS315-CparERG3","F",7,"0.005% SDS",37,"None","F7_1",0.005,7.275125,0.346
"F8",1,"▲erg3","pRS315-CparERG3","F",8,"0.005% SDS",37,"None","F8_1",0.00600000000000001,7.087625,0.342
"F9",1,"▲erg3","pRS315-CparERG3","F",9,"0.005% SDS",37,"None","F9_1",0.004,6.57425,0.283
"F10",1,"▲erg6","pRS315-CparERG6","F",10,"0.005% SDS",37,"None","F10_1",0.016,19.307625,1.048
"F11",1,"▲erg6","pRS315-CparERG6","F",11,"0.005% SDS",37,"None","F11_1",0.016,17.830125,1.056
"F12",1,"▲erg6","pRS315-CparERG6","F",12,"0.005% SDS",37,"None","F12_1",0.012,16.9495,0.975
"G1",1,"Tet-O7-ERG3","pRS315-CtroERG3","G",1,"0.005% SDS",37,"10 µg/mL","G1_1",0.005,9.902375,0.43
"G2",1,"Tet-O7-ERG3","pRS315-CtroERG3","G",2,"0.005% SDS",37,"10 µg/mL","G2_1",0.012,17.89975,0.83
"G3",1,"Tet-O7-ERG3","pRS315-CtroERG3","G",3,"0.005% SDS",37,"10 µg/mL","G3_1",0.013,19.166375,0.959
"G4",1,"Tet-O7-ERG6","pRS315-CtroERG6","G",4,"0.005% SDS",37,"10 µg/mL","G4_1",0.0159999999999999,21.328875,0.935
"G5",1,"Tet-O7-ERG6","pRS315-CtroERG6","G",5,"0.005% SDS",37,"10 µg/mL","G5_1",0.016,21.513875,0.987
"G6",1,"Tet-O7-ERG6","pRS315-CtroERG6","G",6,"0.005% SDS",37,"10 µg/mL","G6_1",0.016,21.174375,0.907
"G7",1,"▲erg3","pRS315-CtroERG3","G",7,"0.005% SDS",37,"None","G7_1",0.011,15.30725,0.888
"G8",1,"▲erg3","pRS315-CtroERG3","G",8,"0.005% SDS",37,"None","G8_1",0.011,13.2915,0.816
"G9",1,"▲erg3","pRS315-CtroERG3","G",9,"0.005% SDS",37,"None","G9_1",0.00900000000000001,11.724,0.719
"G10",1,"▲erg6","pRS315-CtroERG6","G",10,"0.005% SDS",37,"None","G10_1",0.012,15.432625,0.951
"G11",1,"▲erg6","pRS315-CtroERG6","G",11,"0.005% SDS",37,"None","G11_1",0.011,14.640875,0.91
"G12",1,"▲erg6","pRS315-CtroERG6","G",12,"0.005% SDS",37,"None","G12_1",0.002,7.8745,0.242
"A1",2,"Tet-O7-ERG3","pRS315","A",1,"None",30,"10 µg/mL","A1_2",0.022,33.6739784505208,1.127
"A2",2,"Tet-O7-ERG3","pRS315","A",2,"None",30,"10 µg/mL","A2_2",0.021,32.7920831705729,1.11
"A3",2,"Tet-O7-ERG3","pRS315","A",3,"None",30,"10 µg/mL","A3_2",0.022,32.7672146484375,1.08
"A4",2,"Tet-O7-ERG6","pRS315","A",4,"None",30,"10 µg/mL","A4_2",0.022,35.9532597330729,1.151
"A5",2,"Tet-O7-ERG6","pRS315","A",5,"None",30,"10 µg/mL","A5_2",0.021,32.3594458658854,1.092
"A6",2,"Tet-O7-ERG6","pRS315","A",6,"None",30,"10 µg/mL","A6_2",0.021,31.7800967773438,1.055
"A7",2,"▲erg3","pRS315","A",7,"None",30,"None","A7_2",0.021,30.1722655924479,1.065
"A8",2,"▲erg3","pRS315","A",8,"None",30,"None","A8_2",0.0189999999999999,26.6801752278646,0.987
"A9",2,"▲erg3","pRS315","A",9,"None",30,"None","A9_2",0.019,28.5220704427083,1.006
"A10",2,"▲erg6","pRS315","A",10,"None",30,"None","A10_2",0.016,26.4998472005208,0.942
"A11",2,"▲erg6","pRS315","A",11,"None",30,"None","A11_2",0.014,23.1152288411458,0.858
"A12",2,"▲erg6","pRS315","A",12,"None",30,"None","A12_2",0.023,37.260794140625,1.104
"B1",2,"Tet-O7-ERG3","pRS315-ScerERG3","B",1,"None",30,"10 µg/mL","B1_2",0.029,38.3917495442708,1.219
"B2",2,"Tet-O7-ERG3","pRS315-ScerERG3","B",2,"None",30,"10 µg/mL","B2_2",0.026,35.8120465169271,1.171
"B3",2,"Tet-O7-ERG3","pRS315-ScerERG3","B",3,"None",30,"10 µg/mL","B3_2",0.029,40.1680368489583,1.292
"B4",2,"Tet-O7-ERG6","pRS315-ScerERG6","B",4,"None",30,"10 µg/mL","B4_2",0.028,39.1865425130208,1.262
"B5",2,"Tet-O7-ERG6","pRS315-ScerERG6","B",5,"None",30,"10 µg/mL","B5_2",0.023,31.808214453125,1.062
"B6",2,"Tet-O7-ERG6","pRS315-ScerERG6","B",6,"None",30,"10 µg/mL","B6_2",0.026,36.1729525065104,1.185
"B7",2,"▲erg3","pRS315-ScerERG3","B",7,"None",30,"None","B7_2",0.026,36.0588572265625,1.2
"B8",2,"▲erg3","pRS315-ScerERG3","B",8,"None",30,"None","B8_2",0.029,37.8801328125,1.239
"B9",2,"▲erg3","pRS315-ScerERG3","B",9,"None",30,"None","B9_2",0.028,38.6033194335938,1.256
"B10",2,"▲erg6","pRS315-ScerERG6","B",10,"None",30,"None","B10_2",0.027,36.1110936197917,1.176
"B11",2,"▲erg6","pRS315-ScerERG6","B",11,"None",30,"None","B11_2",0.026,36.0027468424479,1.171
"B12",2,"▲erg6","pRS315-ScerERG6","B",12,"None",30,"None","B12_2",0.028,38.7566544921875,1.193
"C1",2,"Tet-O7-ERG3","pRS315-CalbERG3","C",1,"None",30,"10 µg/mL","C1_2",0.028,37.7471674479167,1.221
"C2",2,"Tet-O7-ERG3","pRS315-CalbERG3","C",2,"None",30,"10 µg/mL","C2_2",0.029,38.4418614908854,1.257
"C3",2,"Tet-O7-ERG3","pRS315-CalbERG3","C",3,"None",30,"10 µg/mL","C3_2",0.0279999999999999,37.6313226236979,1.222
"C4",2,"Tet-O7-ERG6","pRS315-CalbERG6","C",4,"None",30,"10 µg/mL","C4_2",0.027,37.8285212565104,1.256
"C5",2,"Tet-O7-ERG6","pRS315-CalbERG6","C",5,"None",30,"10 µg/mL","C5_2",0.025,34.1904689127604,1.16
"C6",2,"Tet-O7-ERG6","pRS315-CalbERG6","C",6,"None",30,"10 µg/mL","C6_2",0.026,37.2348009114583,1.215
"C7",2,"▲erg3","pRS315-CalbERG3","C",7,"None",30,"None","C7_2",0.028,38.0933272786458,1.217
"C8",2,"▲erg3","pRS315-CalbERG3","C",8,"None",30,"None","C8_2",0.031,38.4753527669271,1.274
"C9",2,"▲erg3","pRS315-CalbERG3","C",9,"None",30,"None","C9_2",0.0269999999999999,36.5252357421875,1.183
"C10",2,"▲erg6","pRS315-CalbERG6","C",10,"None",30,"None","C10_2",0.0279999999999999,38.8832465169271,1.24
"C11",2,"▲erg6","pRS315-CalbERG6","C",11,"None",30,"None","C11_2",0.0279999999999999,38.1940510416667,1.235
"C12",2,"▲erg6","pRS315-CalbERG6","C",12,"None",30,"None","C12_2",0.025,35.2117028971354,1.127
"D1",2,"Tet-O7-ERG3","pRS315-CaurERG3","D",1,"None",30,"10 µg/mL","D1_2",0.029,39.4534729817708,1.271
"D2",2,"Tet-O7-ERG3","pRS315-CaurERG3","D",2,"None",30,"10 µg/mL","D2_2",0.026,35.4225229817708,1.147
"D3",2,"Tet-O7-ERG3","pRS315-CaurERG3","D",3,"None",30,"10 µg/mL","D3_2",0.027,37.8300208658854,1.224
"D4",2,"Tet-O7-ERG6","pRS315-CaurERG6","D",4,"None",30,"10 µg/mL","D4_2",0.026,36.46150234375,1.218
"D5",2,"Tet-O7-ERG6","pRS315-CaurERG6","D",5,"None",30,"10 µg/mL","D5_2",0.028,39.8747382486979,1.281
"D6",2,"Tet-O7-ERG6","pRS315-CaurERG6","D",6,"None",30,"10 µg/mL","D6_2",0.025,36.3489066731771,1.167
"D7",2,"▲erg3","pRS315-CaurERG3","D",7,"None",30,"None","D7_2",0.028,38.5258396158854,1.21
"D8",2,"▲erg3","pRS315-CaurERG3","D",8,"None",30,"None","D8_2",0.029,38.0888284505208,1.24
"D9",2,"▲erg3","pRS315-CaurERG3","D",9,"None",30,"None","D9_2",0.027,36.5226114257812,1.177
"D10",2,"▲erg6","pRS315-CaurERG6","D",10,"None",30,"None","D10_2",0.0289999999999999,38.5860739257812,1.238
"D11",2,"▲erg6","pRS315-CaurERG6","D",11,"None",30,"None","D11_2",0.027,38.5695782226562,1.238
"D12",2,"▲erg6","pRS315-CaurERG6","D",12,"None",30,"None","D12_2",0.027,37.1203307291667,1.171
"E1",2,"Tet-O7-ERG3","pRS315-NglaERG3","E",1,"None",30,"10 µg/mL","E1_2",0.0269999999999999,35.4226479492187,1.157
"E2",2,"Tet-O7-ERG3","pRS315-NglaERG3","E",2,"None",30,"10 µg/mL","E2_2",0.026,36.6874434895833,1.189
"E3",2,"Tet-O7-ERG3","pRS315-NglaERG3","E",3,"None",30,"10 µg/mL","E3_2",0.027,35.5263709309896,1.181
"E4",2,"Tet-O7-ERG6","pRS315-NglaERG6","E",4,"None",30,"10 µg/mL","E4_2",0.026,34.7614451822917,1.155
"E5",2,"Tet-O7-ERG6","pRS315-NglaERG6","E",5,"None",30,"10 µg/mL","E5_2",0.028,38.9521035807292,1.267
"E6",2,"Tet-O7-ERG6","pRS315-NglaERG6","E",6,"None",30,"10 µg/mL","E6_2",0.026,37.695680859375,1.181
"E7",2,"▲erg3","pRS315-NglaERG3","E",7,"None",30,"None","E7_2",0.027,36.4856210611979,1.179
"E8",2,"▲erg3","pRS315-NglaERG3","E",8,"None",30,"None","E8_2",0.025,34.1987167643229,1.118
"E9",2,"▲erg3","pRS315-NglaERG3","E",9,"None",30,"None","E9_2",0.029,37.5580916992187,1.232
"E10",2,"▲erg6","pRS315-NglaERG6","E",10,"None",30,"None","E10_2",0.029,39.3295052734375,1.233
"E11",2,"▲erg6","pRS315-NglaERG6","E",11,"None",30,"None","E11_2",0.0279999999999999,37.7202994466146,1.219
"E12",2,"▲erg6","pRS315-NglaERG6","E",12,"None",30,"None","E12_2",0.028,37.5202265625,1.212
"F1",2,"Tet-O7-ERG3","pRS315-CparERG3","F",1,"None",30,"10 µg/mL","F1_2",0.026,35.6585864908854,1.147
"F2",2,"Tet-O7-ERG3","pRS315-CparERG3","F",2,"None",30,"10 µg/mL","F2_2",0.027,36.5101146809896,1.18
"F3",2,"Tet-O7-ERG3","pRS315-CparERG3","F",3,"None",30,"10 µg/mL","F3_2",0.029,39.0078390625,1.28
"F4",2,"Tet-O7-ERG6","pRS315-CparERG6","F",4,"None",30,"10 µg/mL","F4_2",0.024,33.6239914713542,1.142
"F5",2,"Tet-O7-ERG6","pRS315-CparERG6","F",5,"None",30,"10 µg/mL","F5_2",0.026,35.6229707682292,1.205
"F6",2,"Tet-O7-ERG6","pRS315-CparERG6","F",6,"None",30,"10 µg/mL","F6_2",0.024,33.3039498372396,1.104
"F7",2,"▲erg3","pRS315-CparERG3","F",7,"None",30,"None","F7_2",0.03,39.2416531575521,1.253
"F8",2,"▲erg3","pRS315-CparERG3","F",8,"None",30,"None","F8_2",0.024,31.6996177408854,1.071
"F9",2,"▲erg3","pRS315-CparERG3","F",9,"None",30,"None","F9_2",0.028,36.927880859375,1.216
"F10",2,"▲erg6","pRS315-CparERG6","F",10,"None",30,"None","F10_2",0.027,37.1506978190104,1.197
"F11",2,"▲erg6","pRS315-CparERG6","F",11,"None",30,"None","F11_2",0.028,37.434748828125,1.235
"F12",2,"▲erg6","pRS315-CparERG6","F",12,"None",30,"None","F12_2",0.029,39.3457510416667,1.219
"G1",2,"Tet-O7-ERG3","pRS315-CtroERG3","G",1,"None",30,"10 µg/mL","G1_2",0.027,37.404756640625,1.191
"G2",2,"Tet-O7-ERG3","pRS315-CtroERG3","G",2,"None",30,"10 µg/mL","G2_2",0.028,38.72891171875,1.228
"G3",2,"Tet-O7-ERG3","pRS315-CtroERG3","G",3,"None",30,"10 µg/mL","G3_2",0.028,37.91312421875,1.216
"G4",2,"Tet-O7-ERG6","pRS315-CtroERG6","G",4,"None",30,"10 µg/mL","G4_2",0.027,36.1290889322917,1.212
"G5",2,"Tet-O7-ERG6","pRS315-CtroERG6","G",5,"None",30,"10 µg/mL","G5_2",0.026,36.71943515625,1.231
"G6",2,"Tet-O7-ERG6","pRS315-CtroERG6","G",6,"None",30,"10 µg/mL","G6_2",0.022,30.3828357421875,1.044
"G7",2,"▲erg3","pRS315-CtroERG3","G",7,"None",30,"None","G7_2",0.03,39.7221529947917,1.265
"G8",2,"▲erg3","pRS315-CtroERG3","G",8,"None",30,"None","G8_2",0.03,38.5817000651042,1.255
"G9",2,"▲erg3","pRS315-CtroERG3","G",9,"None",30,"None","G9_2",0.029,37.3401484700521,1.242
"G10",2,"▲erg6","pRS315-CtroERG6","G",10,"None",30,"None","G10_2",0.028,37.3570190755208,1.24
"G11",2,"▲erg6","pRS315-CtroERG6","G",11,"None",30,"None","G11_2",0.027,36.5808462565104,1.211
"G12",2,"▲erg6","pRS315-CtroERG6","G",12,"None",30,"None","G12_2",0.029,39.7435224283854,1.233
"A1",3,"Tet-O7-ERG3","pRS315","A",1,"0.005% SDS",30,"10 µg/mL","A1_3",0.011,16.041125,0.981
"A2",3,"Tet-O7-ERG3","pRS315","A",2,"0.005% SDS",30,"10 µg/mL","A2_3",0.0169999999999999,24.996125,1.218
"A3",3,"Tet-O7-ERG3","pRS315","A",3,"0.005% SDS",30,"10 µg/mL","A3_3",0.0189999999999999,26.715625,1.306
"A4",3,"Tet-O7-ERG6","pRS315","A",4,"0.005% SDS",30,"10 µg/mL","A4_3",0.019,32.13025,1.195
"A5",3,"Tet-O7-ERG6","pRS315","A",5,"0.005% SDS",30,"10 µg/mL","A5_3",0.02,33.947875,1.271
"A6",3,"Tet-O7-ERG6","pRS315","A",6,"0.005% SDS",30,"10 µg/mL","A6_3",0.017,29.42825,1.167
"A7",3,"▲erg3","pRS315","A",7,"0.005% SDS",30,"None","A7_3",0.002,5.857875,0.199
"A8",3,"▲erg3","pRS315","A",8,"0.005% SDS",30,"None","A8_3",0.001,5.326625,0.155
"A9",3,"▲erg3","pRS315","A",9,"0.005% SDS",30,"None","A9_3",0.001,5.17475,0.141
"A10",3,"▲erg6","pRS315","A",10,"0.005% SDS",30,"None","A10_3",0.001,5.03725,0.143
"A11",3,"▲erg6","pRS315","A",11,"0.005% SDS",30,"None","A11_3",0.002,6.074875,0.216
"A12",3,"▲erg6","pRS315","A",12,"0.005% SDS",30,"None","A12_3",0.003,5.431375,0.199
"B1",3,"Tet-O7-ERG3","pRS315-ScerERG3","B",1,"0.005% SDS",30,"10 µg/mL","B1_3",0.022,28.05525,1.097
"B2",3,"Tet-O7-ERG3","pRS315-ScerERG3","B",2,"0.005% SDS",30,"10 µg/mL","B2_3",0.025,33.35425,1.195
"B3",3,"Tet-O7-ERG3","pRS315-ScerERG3","B",3,"0.005% SDS",30,"10 µg/mL","B3_3",0.028,36.9685,1.328
"B4",3,"Tet-O7-ERG6","pRS315-ScerERG6","B",4,"0.005% SDS",30,"10 µg/mL","B4_3",0.025,33.97075,1.241
"B5",3,"Tet-O7-ERG6","pRS315-ScerERG6","B",5,"0.005% SDS",30,"10 µg/mL","B5_3",0.024,33.998125,1.211
"B6",3,"Tet-O7-ERG6","pRS315-ScerERG6","B",6,"0.005% SDS",30,"10 µg/mL","B6_3",0.026,36.11325,1.278
"B7",3,"▲erg3","pRS315-ScerERG3","B",7,"0.005% SDS",30,"None","B7_3",0.025,37.012875,1.341
"B8",3,"▲erg3","pRS315-ScerERG3","B",8,"0.005% SDS",30,"None","B8_3",0.0249999999999999,33.646375,1.325
"B9",3,"▲erg3","pRS315-ScerERG3","B",9,"0.005% SDS",30,"None","B9_3",0.023,28.839875,1.228
"B10",3,"▲erg6","pRS315-ScerERG6","B",10,"0.005% SDS",30,"None","B10_3",0.0259999999999999,31.0425,1.278
"B11",3,"▲erg6","pRS315-ScerERG6","B",11,"0.005% SDS",30,"None","B11_3",0.025,35.117625,1.278
"B12",3,"▲erg6","pRS315-ScerERG6","B",12,"0.005% SDS",30,"None","B12_3",0.022,35.320375,1.197
"C1",3,"Tet-O7-ERG3","pRS315-CalbERG3","C",1,"0.005% SDS",30,"10 µg/mL","C1_3",0.021,28.483125,1.094
"C2",3,"Tet-O7-ERG3","pRS315-CalbERG3","C",2,"0.005% SDS",30,"10 µg/mL","C2_3",0.024,31.897625,1.144
"C3",3,"Tet-O7-ERG3","pRS315-CalbERG3","C",3,"0.005% SDS",30,"10 µg/mL","C3_3",0.025,32.528125,1.185
"C4",3,"Tet-O7-ERG6","pRS315-CalbERG6","C",4,"0.005% SDS",30,"10 µg/mL","C4_3",0.024,32.594,1.168
"C5",3,"Tet-O7-ERG6","pRS315-CalbERG6","C",5,"0.005% SDS",30,"10 µg/mL","C5_3",0.025,32.833875,1.195
"C6",3,"Tet-O7-ERG6","pRS315-CalbERG6","C",6,"0.005% SDS",30,"10 µg/mL","C6_3",0.0259999999999999,35.42625,1.258
"C7",3,"▲erg3","pRS315-CalbERG3","C",7,"0.005% SDS",30,"None","C7_3",0.025,33.235875,1.305
"C8",3,"▲erg3","pRS315-CalbERG3","C",8,"0.005% SDS",30,"None","C8_3",0.022,29.438125,1.188
"C9",3,"▲erg3","pRS315-CalbERG3","C",9,"0.005% SDS",30,"None","C9_3",0.024,29.364375,1.248
"C10",3,"▲erg6","pRS315-CalbERG6","C",10,"0.005% SDS",30,"None","C10_3",0.023,29.559125,1.232
"C11",3,"▲erg6","pRS315-CalbERG6","C",11,"0.005% SDS",30,"None","C11_3",0.023,31.987625,1.223
"C12",3,"▲erg6","pRS315-CalbERG6","C",12,"0.005% SDS",30,"None","C12_3",0.0219999999999999,31.851375,1.185
"D1",3,"Tet-O7-ERG3","pRS315-CaurERG3","D",1,"0.005% SDS",30,"10 µg/mL","D1_3",0.019,27.625875,1.01
"D2",3,"Tet-O7-ERG3","pRS315-CaurERG3","D",2,"0.005% SDS",30,"10 µg/mL","D2_3",0.024,32.786125,1.147
"D3",3,"Tet-O7-ERG3","pRS315-CaurERG3","D",3,"0.005% SDS",30,"10 µg/mL","D3_3",0.0239999999999999,31.223875,1.15
"D4",3,"Tet-O7-ERG6","pRS315-CaurERG6","D",4,"0.005% SDS",30,"10 µg/mL","D4_3",0.024,32.356125,1.207
"D5",3,"Tet-O7-ERG6","pRS315-CaurERG6","D",5,"0.005% SDS",30,"10 µg/mL","D5_3",0.024,32.562625,1.204
"D6",3,"Tet-O7-ERG6","pRS315-CaurERG6","D",6,"0.005% SDS",30,"10 µg/mL","D6_3",0.023,30.25325,1.134
"D7",3,"▲erg3","pRS315-CaurERG3","D",7,"0.005% SDS",30,"None","D7_3",0.023,29.80425,1.198
"D8",3,"▲erg3","pRS315-CaurERG3","D",8,"0.005% SDS",30,"None","D8_3",0.024,32.632375,1.276
"D9",3,"▲erg3","pRS315-CaurERG3","D",9,"0.005% SDS",30,"None","D9_3",0.023,28.56775,1.248
"D10",3,"▲erg6","pRS315-CaurERG6","D",10,"0.005% SDS",30,"None","D10_3",0.022,26.940625,1.191
"D11",3,"▲erg6","pRS315-CaurERG6","D",11,"0.005% SDS",30,"None","D11_3",0.023,32.76775,1.235
"D12",3,"▲erg6","pRS315-CaurERG6","D",12,"0.005% SDS",30,"None","D12_3",0.022,30.893125,1.185
"E1",3,"Tet-O7-ERG3","pRS315-NglaERG3","E",1,"0.005% SDS",30,"10 µg/mL","E1_3",0.021,29.878375,1.107
"E2",3,"Tet-O7-ERG3","pRS315-NglaERG3","E",2,"0.005% SDS",30,"10 µg/mL","E2_3",0.025,33.504125,1.181
"E3",3,"Tet-O7-ERG3","pRS315-NglaERG3","E",3,"0.005% SDS",30,"10 µg/mL","E3_3",0.027,37.0605,1.31
"E4",3,"Tet-O7-ERG6","pRS315-NglaERG6","E",4,"0.005% SDS",30,"10 µg/mL","E4_3",0.026,35.3015,1.225
"E5",3,"Tet-O7-ERG6","pRS315-NglaERG6","E",5,"0.005% SDS",30,"10 µg/mL","E5_3",0.026,34.77675,1.235
"E6",3,"Tet-O7-ERG6","pRS315-NglaERG6","E",6,"0.005% SDS",30,"10 µg/mL","E6_3",0.026,35.1785,1.218
"E7",3,"▲erg3","pRS315-NglaERG3","E",7,"0.005% SDS",30,"None","E7_3",0.021,25.412875,1.14
"E8",3,"▲erg3","pRS315-NglaERG3","E",8,"0.005% SDS",30,"None","E8_3",0.019,24.5765,1.057
"E9",3,"▲erg3","pRS315-NglaERG3","E",9,"0.005% SDS",30,"None","E9_3",0.0249999999999999,27.7385,1.236
"E10",3,"▲erg6","pRS315-NglaERG6","E",10,"0.005% SDS",30,"None","E10_3",0.024,29.387625,1.226
"E11",3,"▲erg6","pRS315-NglaERG6","E",11,"0.005% SDS",30,"None","E11_3",0.023,32.690625,1.202
"E12",3,"▲erg6","pRS315-NglaERG6","E",12,"0.005% SDS",30,"None","E12_3",0.023,33.60225,1.231
"F1",3,"Tet-O7-ERG3","pRS315-CparERG3","F",1,"0.005% SDS",30,"10 µg/mL","F1_3",0.0209999999999999,28.896375,1.108
"F2",3,"Tet-O7-ERG3","pRS315-CparERG3","F",2,"0.005% SDS",30,"10 µg/mL","F2_3",0.027,36.515625,1.296
"F3",3,"Tet-O7-ERG3","pRS315-CparERG3","F",3,"0.005% SDS",30,"10 µg/mL","F3_3",0.028,37.358375,1.334
"F4",3,"Tet-O7-ERG6","pRS315-CparERG6","F",4,"0.005% SDS",30,"10 µg/mL","F4_3",0.026,35.524875,1.255
"F5",3,"Tet-O7-ERG6","pRS315-CparERG6","F",5,"0.005% SDS",30,"10 µg/mL","F5_3",0.026,34.5475,1.246
"F6",3,"Tet-O7-ERG6","pRS315-CparERG6","F",6,"0.005% SDS",30,"10 µg/mL","F6_3",0.0249999999999999,32.93175,1.191
"F7",3,"▲erg3","pRS315-CparERG3","F",7,"0.005% SDS",30,"None","F7_3",0.022,28.990625,1.202
"F8",3,"▲erg3","pRS315-CparERG3","F",8,"0.005% SDS",30,"None","F8_3",0.0229999999999999,29.35175,1.236
"F9",3,"▲erg3","pRS315-CparERG3","F",9,"0.005% SDS",30,"None","F9_3",0.018,23.1945,1.104
"F10",3,"▲erg6","pRS315-CparERG6","F",10,"0.005% SDS",30,"None","F10_3",0.0229999999999999,29.69025,1.188
"F11",3,"▲erg6","pRS315-CparERG6","F",11,"0.005% SDS",30,"None","F11_3",0.025,33.269875,1.291
"F12",3,"▲erg6","pRS315-CparERG6","F",12,"0.005% SDS",30,"None","F12_3",0.019,28.484125,1.133
"G1",3,"Tet-O7-ERG3","pRS315-CtroERG3","G",1,"0.005% SDS",30,"10 µg/mL","G1_3",0.019,25.949875,1.037
"G2",3,"Tet-O7-ERG3","pRS315-CtroERG3","G",2,"0.005% SDS",30,"10 µg/mL","G2_3",0.0219999999999999,30.666,1.105
"G3",3,"Tet-O7-ERG3","pRS315-CtroERG3","G",3,"0.005% SDS",30,"10 µg/mL","G3_3",0.023,31.228875,1.145
"G4",3,"Tet-O7-ERG6","pRS315-CtroERG6","G",4,"0.005% SDS",30,"10 µg/mL","G4_3",0.0229999999999999,31.475875,1.156
"G5",3,"Tet-O7-ERG6","pRS315-CtroERG6","G",5,"0.005% SDS",30,"10 µg/mL","G5_3",0.024,32.2325,1.214
"G6",3,"Tet-O7-ERG6","pRS315-CtroERG6","G",6,"0.005% SDS",30,"10 µg/mL","G6_3",0.025,34.34875,1.215
"G7",3,"▲erg3","pRS315-CtroERG3","G",7,"0.005% SDS",30,"None","G7_3",0.021,28.9295,1.224
"G8",3,"▲erg3","pRS315-CtroERG3","G",8,"0.005% SDS",30,"None","G8_3",0.02,25.67175,1.164
"G9",3,"▲erg3","pRS315-CtroERG3","G",9,"0.005% SDS",30,"None","G9_3",0.02,25.966625,1.179
"G10",3,"▲erg6","pRS315-CtroERG6","G",10,"0.005% SDS",30,"None","G10_3",0.019,23.815125,1.11
"G11",3,"▲erg6","pRS315-CtroERG6","G",11,"0.005% SDS",30,"None","G11_3",0.02,29.695875,1.17
"G12",3,"▲erg6","pRS315-CtroERG6","G",12,"0.005% SDS",30,"None","G12_3",0.017,26.5125,1.056
"A1",4,"Tet-O7-ERG3","pRS315","A",1,"0.005% SDS",30,"10 µg/mL","A1_4",0.016,29.41225,1.172
"A2",4,"Tet-O7-ERG3","pRS315","A",2,"0.005% SDS",30,"10 µg/mL","A2_4",0.018,28.55275,1.228
"A3",4,"Tet-O7-ERG3","pRS315","A",3,"0.005% SDS",30,"10 µg/mL","A3_4",0.017,27.91875,1.175
"A4",4,"Tet-O7-ERG6","pRS315","A",4,"0.005% SDS",30,"10 µg/mL","A4_4",0.017,32.0875,1.191
"A5",4,"Tet-O7-ERG6","pRS315","A",5,"0.005% SDS",30,"10 µg/mL","A5_4",0.017,32.905625,1.16
"A6",4,"Tet-O7-ERG6","pRS315","A",6,"0.005% SDS",30,"10 µg/mL","A6_4",0.018,34.780625,1.213
"A7",4,"Tet-O7-ERG3","pRS315","A",7,"0.0075% SDS",30,"10 µg/mL","A7_4",0.011,15.96375,0.968
"A8",4,"Tet-O7-ERG3","pRS315","A",8,"0.0075% SDS",30,"10 µg/mL","A8_4",0.012,15.699,0.953
"A9",4,"Tet-O7-ERG3","pRS315","A",9,"0.0075% SDS",30,"10 µg/mL","A9_4",0.011,18.22475,1.083
"A10",4,"Tet-O7-ERG6","pRS315","A",10,"0.0075% SDS",30,"10 µg/mL","A10_4",0.0129999999999999,23.527375,1.075
"A11",4,"Tet-O7-ERG6","pRS315","A",11,"0.0075% SDS",30,"10 µg/mL","A11_4",0.014,26.131125,1.103
"A12",4,"Tet-O7-ERG6","pRS315","A",12,"0.0075% SDS",30,"10 µg/mL","A12_4",0.011,24.018125,1.116
"B1",4,"Tet-O7-ERG3","pRS315-ScerERG3","B",1,"0.005% SDS",30,"10 µg/mL","B1_4",0.026,39.724375,1.222
"B2",4,"Tet-O7-ERG3","pRS315-ScerERG3","B",2,"0.005% SDS",30,"10 µg/mL","B2_4",0.028,41.686625,1.274
"B3",4,"Tet-O7-ERG3","pRS315-ScerERG3","B",3,"0.005% SDS",30,"10 µg/mL","B3_4",0.0269999999999999,39.08925,1.204
"B4",4,"Tet-O7-ERG6","pRS315-ScerERG6","B",4,"0.005% SDS",30,"10 µg/mL","B4_4",0.027,39.896875,1.264
"B5",4,"Tet-O7-ERG6","pRS315-ScerERG6","B",5,"0.005% SDS",30,"10 µg/mL","B5_4",0.0269999999999999,39.22475,1.235
"B6",4,"Tet-O7-ERG6","pRS315-ScerERG6","B",6,"0.005% SDS",30,"10 µg/mL","B6_4",0.026,38.68775,1.22
"B7",4,"Tet-O7-ERG3","pRS315-ScerERG3","B",7,"0.0075% SDS",30,"10 µg/mL","B7_4",0.022,36.84975,1.195
"B8",4,"Tet-O7-ERG3","pRS315-ScerERG3","B",8,"0.0075% SDS",30,"10 µg/mL","B8_4",0.021,34.489375,1.154
"B9",4,"Tet-O7-ERG3","pRS315-ScerERG3","B",9,"0.0075% SDS",30,"10 µg/mL","B9_4",0.021,34.09525,1.136
"B10",4,"Tet-O7-ERG6","pRS315-ScerERG6","B",10,"0.0075% SDS",30,"10 µg/mL","B10_4",0.02,31.516625,1.087
"B11",4,"Tet-O7-ERG6","pRS315-ScerERG6","B",11,"0.0075% SDS",30,"10 µg/mL","B11_4",0.023,36.40325,1.214
"B12",4,"Tet-O7-ERG6","pRS315-ScerERG6","B",12,"0.0075% SDS",30,"10 µg/mL","B12_4",0.019,31.82875,1.11
"C1",4,"Tet-O7-ERG3","pRS315-CalbERG3","C",1,"0.005% SDS",30,"10 µg/mL","C1_4",0.026,41.3705,1.243
"C2",4,"Tet-O7-ERG3","pRS315-CalbERG3","C",2,"0.005% SDS",30,"10 µg/mL","C2_4",0.0259999999999999,39.167875,1.199
"C3",4,"Tet-O7-ERG3","pRS315-CalbERG3","C",3,"0.005% SDS",30,"10 µg/mL","C3_4",0.025,35.85075,1.133
"C4",4,"Tet-O7-ERG6","pRS315-CalbERG6","C",4,"0.005% SDS",30,"10 µg/mL","C4_4",0.027,40.566125,1.267
"C5",4,"Tet-O7-ERG6","pRS315-CalbERG6","C",5,"0.005% SDS",30,"10 µg/mL","C5_4",0.025,37.3015,1.181
"C6",4,"Tet-O7-ERG6","pRS315-CalbERG6","C",6,"0.005% SDS",30,"10 µg/mL","C6_4",0.025,37.962875,1.205
"C7",4,"Tet-O7-ERG3","pRS315-CalbERG3","C",7,"0.0075% SDS",30,"10 µg/mL","C7_4",0.021,36.0575,1.169
"C8",4,"Tet-O7-ERG3","pRS315-CalbERG3","C",8,"0.0075% SDS",30,"10 µg/mL","C8_4",0.02,34.317375,1.122
"C9",4,"Tet-O7-ERG3","pRS315-CalbERG3","C",9,"0.0075% SDS",30,"10 µg/mL","C9_4",0.02,32.990375,1.112
"C10",4,"Tet-O7-ERG6","pRS315-CalbERG6","C",10,"0.0075% SDS",30,"10 µg/mL","C10_4",0.022,35.449625,1.179
"C11",4,"Tet-O7-ERG6","pRS315-CalbERG6","C",11,"0.0075% SDS",30,"10 µg/mL","C11_4",0.021,34.134125,1.152
"C12",4,"Tet-O7-ERG6","pRS315-CalbERG6","C",12,"0.0075% SDS",30,"10 µg/mL","C12_4",0.02,32.749,1.129
"D1",4,"Tet-O7-ERG3","pRS315-CaurERG3","D",1,"0.005% SDS",30,"10 µg/mL","D1_4",0.026,40.01025,1.222
"D2",4,"Tet-O7-ERG3","pRS315-CaurERG3","D",2,"0.005% SDS",30,"10 µg/mL","D2_4",0.025,38.91275,1.214
"D3",4,"Tet-O7-ERG3","pRS315-CaurERG3","D",3,"0.005% SDS",30,"10 µg/mL","D3_4",0.026,39.356625,1.227
"D4",4,"Tet-O7-ERG6","pRS315-CaurERG6","D",4,"0.005% SDS",30,"10 µg/mL","D4_4",0.0269999999999999,38.615,1.243
"D5",4,"Tet-O7-ERG6","pRS315-CaurERG6","D",5,"0.005% SDS",30,"10 µg/mL","D5_4",0.023,33.688875,1.097
"D6",4,"Tet-O7-ERG6","pRS315-CaurERG6","D",6,"0.005% SDS",30,"10 µg/mL","D6_4",0.027,38.8695,1.267
"D7",4,"Tet-O7-ERG3","pRS315-CaurERG3","D",7,"0.0075% SDS",30,"10 µg/mL","D7_4",0.0219999999999999,36.037375,1.157
"D8",4,"Tet-O7-ERG3","pRS315-CaurERG3","D",8,"0.0075% SDS",30,"10 µg/mL","D8_4",0.02,32.714125,1.107
"D9",4,"Tet-O7-ERG3","pRS315-CaurERG3","D",9,"0.0075% SDS",30,"10 µg/mL","D9_4",0.0219999999999999,35.59425,1.177
"D10",4,"Tet-O7-ERG6","pRS315-CaurERG6","D",10,"0.0075% SDS",30,"10 µg/mL","D10_4",0.021,32.450625,1.128
"D11",4,"Tet-O7-ERG6","pRS315-CaurERG6","D",11,"0.0075% SDS",30,"10 µg/mL","D11_4",0.022,34.032875,1.17
"D12",4,"Tet-O7-ERG6","pRS315-CaurERG6","D",12,"0.0075% SDS",30,"10 µg/mL","D12_4",0.02,31.278,1.128
"E1",4,"Tet-O7-ERG3","pRS315-NglaERG3","E",1,"0.005% SDS",30,"10 µg/mL","E1_4",0.0259999999999999,40.777625,1.216
"E2",4,"Tet-O7-ERG3","pRS315-NglaERG3","E",2,"0.005% SDS",30,"10 µg/mL","E2_4",0.0259999999999999,38.125375,1.211
"E3",4,"Tet-O7-ERG3","pRS315-NglaERG3","E",3,"0.005% SDS",30,"10 µg/mL","E3_4",0.0269999999999999,38.86425,1.211
"E4",4,"Tet-O7-ERG6","pRS315-NglaERG6","E",4,"0.005% SDS",30,"10 µg/mL","E4_4",0.028,40.566625,1.252
"E5",4,"Tet-O7-ERG6","pRS315-NglaERG6","E",5,"0.005% SDS",30,"10 µg/mL","E5_4",0.024,35.627125,1.123
"E6",4,"Tet-O7-ERG6","pRS315-NglaERG6","E",6,"0.005% SDS",30,"10 µg/mL","E6_4",0.026,39.668375,1.226
"E7",4,"Tet-O7-ERG3","pRS315-NglaERG3","E",7,"0.0075% SDS",30,"10 µg/mL","E7_4",0.02,34.34875,1.107
"E8",4,"Tet-O7-ERG3","pRS315-NglaERG3","E",8,"0.0075% SDS",30,"10 µg/mL","E8_4",0.021,33.50025,1.138
"E9",4,"Tet-O7-ERG3","pRS315-NglaERG3","E",9,"0.0075% SDS",30,"10 µg/mL","E9_4",0.021,33.918,1.127
"E10",4,"Tet-O7-ERG6","pRS315-NglaERG6","E",10,"0.0075% SDS",30,"10 µg/mL","E10_4",0.022,34.843125,1.141
"E11",4,"Tet-O7-ERG6","pRS315-NglaERG6","E",11,"0.0075% SDS",30,"10 µg/mL","E11_4",0.022,34.78,1.149
"E12",4,"Tet-O7-ERG6","pRS315-NglaERG6","E",12,"0.0075% SDS",30,"10 µg/mL","E12_4",0.019,31.925125,1.082
"F1",4,"Tet-O7-ERG3","pRS315-CparERG3","F",1,"0.005% SDS",30,"10 µg/mL","F1_4",0.024,36.817125,1.126
"F2",4,"Tet-O7-ERG3","pRS315-CparERG3","F",2,"0.005% SDS",30,"10 µg/mL","F2_4",0.025,37.860875,1.199
"F3",4,"Tet-O7-ERG3","pRS315-CparERG3","F",3,"0.005% SDS",30,"10 µg/mL","F3_4",0.024,37.99025,1.159
"F4",4,"Tet-O7-ERG6","pRS315-CparERG6","F",4,"0.005% SDS",30,"10 µg/mL","F4_4",0.028,41.59775,1.309
"F5",4,"Tet-O7-ERG6","pRS315-CparERG6","F",5,"0.005% SDS",30,"10 µg/mL","F5_4",0.0269999999999999,38.76725,1.24
"F6",4,"Tet-O7-ERG6","pRS315-CparERG6","F",6,"0.005% SDS",30,"10 µg/mL","F6_4",0.025,37.576,1.204
"F7",4,"Tet-O7-ERG3","pRS315-CparERG3","F",7,"0.0075% SDS",30,"10 µg/mL","F7_4",0.022,36.679625,1.176
"F8",4,"Tet-O7-ERG3","pRS315-CparERG3","F",8,"0.0075% SDS",30,"10 µg/mL","F8_4",0.022,34.206625,1.162
"F9",4,"Tet-O7-ERG3","pRS315-CparERG3","F",9,"0.0075% SDS",30,"10 µg/mL","F9_4",0.022,36.597,1.178
"F10",4,"Tet-O7-ERG6","pRS315-CparERG6","F",10,"0.0075% SDS",30,"10 µg/mL","F10_4",0.021,33.62,1.155
"F11",4,"Tet-O7-ERG6","pRS315-CparERG6","F",11,"0.0075% SDS",30,"10 µg/mL","F11_4",0.021,33.276875,1.143
"F12",4,"Tet-O7-ERG6","pRS315-CparERG6","F",12,"0.0075% SDS",30,"10 µg/mL","F12_4",0.019,30.63225,1.096
"G1",4,"Tet-O7-ERG3","pRS315-CtroERG3","G",1,"0.005% SDS",30,"10 µg/mL","G1_4",0.023,38.49475,1.175
"G2",4,"Tet-O7-ERG3","pRS315-CtroERG3","G",2,"0.005% SDS",30,"10 µg/mL","G2_4",0.027,38.2285,1.199
"G3",4,"Tet-O7-ERG3","pRS315-CtroERG3","G",3,"0.005% SDS",30,"10 µg/mL","G3_4",0.025,38.160625,1.187
"G4",4,"Tet-O7-ERG6","pRS315-CtroERG6","G",4,"0.005% SDS",30,"10 µg/mL","G4_4",0.025,36.87475,1.196
"G5",4,"Tet-O7-ERG6","pRS315-CtroERG6","G",5,"0.005% SDS",30,"10 µg/mL","G5_4",0.023,34.007125,1.121
"G6",4,"Tet-O7-ERG6","pRS315-CtroERG6","G",6,"0.005% SDS",30,"10 µg/mL","G6_4",0.024,35.582625,1.155
"G7",4,"Tet-O7-ERG3","pRS315-CtroERG3","G",7,"0.0075% SDS",30,"10 µg/mL","G7_4",0.0199999999999999,34.059125,1.113
"G8",4,"Tet-O7-ERG3","pRS315-CtroERG3","G",8,"0.0075% SDS",30,"10 µg/mL","G8_4",0.019,32.695625,1.129
"G9",4,"Tet-O7-ERG3","pRS315-CtroERG3","G",9,"0.0075% SDS",30,"10 µg/mL","G9_4",0.02,33.6035,1.143
"G10",4,"Tet-O7-ERG6","pRS315-CtroERG6","G",10,"0.0075% SDS",30,"10 µg/mL","G10_4",0.018,30.10525,1.066
"G11",4,"Tet-O7-ERG6","pRS315-CtroERG6","G",11,"0.0075% SDS",30,"10 µg/mL","G11_4",0.018,29.93725,1.089
"G12",4,"Tet-O7-ERG6","pRS315-CtroERG6","G",12,"0.0075% SDS",30,"10 µg/mL","G12_4",0.016,28.41975,1.059
"A1",5,"Tet-O7-ERG3","pRS315","A",1,"0.01% SDS",30,"10 µg/mL","A1_5",0.003,7.0965,0.282
"A2",5,"Tet-O7-ERG3","pRS315","A",2,"0.01% SDS",30,"10 µg/mL","A2_5",0.002,6.1405,0.231
"A3",5,"Tet-O7-ERG3","pRS315","A",3,"0.01% SDS",30,"10 µg/mL","A3_5",0.004,8.145125,0.367
"A4",5,"Tet-O7-ERG6","pRS315","A",4,"0.01% SDS",30,"10 µg/mL","A4_5",0.01,15.058625,0.888
"A5",5,"Tet-O7-ERG6","pRS315","A",5,"0.01% SDS",30,"10 µg/mL","A5_5",0.011,23.195875,1.211
"A6",5,"Tet-O7-ERG6","pRS315","A",6,"0.01% SDS",30,"10 µg/mL","A6_5",0.012,19.89275,1.104
"A7",5,"Tet-O7-ERG3","pRS315","A",7,"0.0125% SDS",30,"10 µg/mL","A7_5",0.001,5.15875,0.126
"A8",5,"Tet-O7-ERG3","pRS315","A",8,"0.0125% SDS",30,"10 µg/mL","A8_5",0.001,4.852625,0.11
"A9",5,"Tet-O7-ERG3","pRS315","A",9,"0.0125% SDS",30,"10 µg/mL","A9_5",0.001,4.843875,0.111
"A10",5,"Tet-O7-ERG6","pRS315","A",10,"0.0125% SDS",30,"10 µg/mL","A10_5",0.00800000000000001,11.3055,0.609
"A11",5,"Tet-O7-ERG6","pRS315","A",11,"0.0125% SDS",30,"10 µg/mL","A11_5",0.00800000000000001,14.35275,0.755
"A12",5,"Tet-O7-ERG6","pRS315","A",12,"0.0125% SDS",30,"10 µg/mL","A12_5",0.001,5.082375,0.113
"B1",5,"Tet-O7-ERG3","pRS315-ScerERG3","B",1,"0.01% SDS",30,"10 µg/mL","B1_5",0.018,32.6715,1.204
"B2",5,"Tet-O7-ERG3","pRS315-ScerERG3","B",2,"0.01% SDS",30,"10 µg/mL","B2_5",0.017,30.60575,1.175
"B3",5,"Tet-O7-ERG3","pRS315-ScerERG3","B",3,"0.01% SDS",30,"10 µg/mL","B3_5",0.016,28.579,1.114
"B4",5,"Tet-O7-ERG6","pRS315-ScerERG6","B",4,"0.01% SDS",30,"10 µg/mL","B4_5",0.018,29.86125,1.175
"B5",5,"Tet-O7-ERG6","pRS315-ScerERG6","B",5,"0.01% SDS",30,"10 µg/mL","B5_5",0.019,32.60775,1.221
"B6",5,"Tet-O7-ERG6","pRS315-ScerERG6","B",6,"0.01% SDS",30,"10 µg/mL","B6_5",0.0189999999999999,30.47275,1.176
"B7",5,"Tet-O7-ERG3","pRS315-ScerERG3","B",7,"0.0125% SDS",30,"10 µg/mL","B7_5",0.0169999999999999,28.736125,1.222
"B8",5,"Tet-O7-ERG3","pRS315-ScerERG3","B",8,"0.0125% SDS",30,"10 µg/mL","B8_5",0.015,25.849125,1.174
"B9",5,"Tet-O7-ERG3","pRS315-ScerERG3","B",9,"0.0125% SDS",30,"10 µg/mL","B9_5",0.015,24.81525,1.136
"B10",5,"Tet-O7-ERG6","pRS315-ScerERG6","B",10,"0.0125% SDS",30,"10 µg/mL","B10_5",0.015,24.36625,1.149
"B11",5,"Tet-O7-ERG6","pRS315-ScerERG6","B",11,"0.0125% SDS",30,"10 µg/mL","B11_5",0.013,20.83275,1.084
"B12",5,"Tet-O7-ERG6","pRS315-ScerERG6","B",12,"0.0125% SDS",30,"10 µg/mL","B12_5",0.01,14.768125,0.869
"C1",5,"Tet-O7-ERG3","pRS315-CalbERG3","C",1,"0.01% SDS",30,"10 µg/mL","C1_5",0.017,31.851375,1.194
"C2",5,"Tet-O7-ERG3","pRS315-CalbERG3","C",2,"0.01% SDS",30,"10 µg/mL","C2_5",0.018,31.99075,1.171
"C3",5,"Tet-O7-ERG3","pRS315-CalbERG3","C",3,"0.01% SDS",30,"10 µg/mL","C3_5",0.019,33.170625,1.248
"C4",5,"Tet-O7-ERG6","pRS315-CalbERG6","C",4,"0.01% SDS",30,"10 µg/mL","C4_5",0.018,30.643,1.161
"C5",5,"Tet-O7-ERG6","pRS315-CalbERG6","C",5,"0.01% SDS",30,"10 µg/mL","C5_5",0.019,31.76,1.209
"C6",5,"Tet-O7-ERG6","pRS315-CalbERG6","C",6,"0.01% SDS",30,"10 µg/mL","C6_5",0.016,26.64275,1.044
"C7",5,"Tet-O7-ERG3","pRS315-CalbERG3","C",7,"0.0125% SDS",30,"10 µg/mL","C7_5",0.013,21.650875,0.991
"C8",5,"Tet-O7-ERG3","pRS315-CalbERG3","C",8,"0.0125% SDS",30,"10 µg/mL","C8_5",0.016,27.128375,1.184
"C9",5,"Tet-O7-ERG3","pRS315-CalbERG3","C",9,"0.0125% SDS",30,"10 µg/mL","C9_5",0.014,21.662125,1.078
"C10",5,"Tet-O7-ERG6","pRS315-CalbERG6","C",10,"0.0125% SDS",30,"10 µg/mL","C10_5",0.017,27.1875,1.19
"C11",5,"Tet-O7-ERG6","pRS315-CalbERG6","C",11,"0.0125% SDS",30,"10 µg/mL","C11_5",0.013,21.424,1.048
"C12",5,"Tet-O7-ERG6","pRS315-CalbERG6","C",12,"0.0125% SDS",30,"10 µg/mL","C12_5",0.00900000000000001,13.819625,0.819
"D1",5,"Tet-O7-ERG3","pRS315-CaurERG3","D",1,"0.01% SDS",30,"10 µg/mL","D1_5",0.016,29.5875,1.124
"D2",5,"Tet-O7-ERG3","pRS315-CaurERG3","D",2,"0.01% SDS",30,"10 µg/mL","D2_5",0.015,26.53475,1.048
"D3",5,"Tet-O7-ERG3","pRS315-CaurERG3","D",3,"0.01% SDS",30,"10 µg/mL","D3_5",0.0169999999999999,28.60525,1.133
"D4",5,"Tet-O7-ERG6","pRS315-CaurERG6","D",4,"0.01% SDS",30,"10 µg/mL","D4_5",0.019,31.580875,1.213
"D5",5,"Tet-O7-ERG6","pRS315-CaurERG6","D",5,"0.01% SDS",30,"10 µg/mL","D5_5",0.017,26.97675,1.104
"D6",5,"Tet-O7-ERG6","pRS315-CaurERG6","D",6,"0.01% SDS",30,"10 µg/mL","D6_5",0.018,28.035625,1.132
"D7",5,"Tet-O7-ERG3","pRS315-CaurERG3","D",7,"0.0125% SDS",30,"10 µg/mL","D7_5",0.015,25.429125,1.138
"D8",5,"Tet-O7-ERG3","pRS315-CaurERG3","D",8,"0.0125% SDS",30,"10 µg/mL","D8_5",0.013,21.385,1.06
"D9",5,"Tet-O7-ERG3","pRS315-CaurERG3","D",9,"0.0125% SDS",30,"10 µg/mL","D9_5",0.013,21.5655,1.076
"D10",5,"Tet-O7-ERG6","pRS315-CaurERG6","D",10,"0.0125% SDS",30,"10 µg/mL","D10_5",0.014,21.43175,1.083
"D11",5,"Tet-O7-ERG6","pRS315-CaurERG6","D",11,"0.0125% SDS",30,"10 µg/mL","D11_5",0.011,15.326375,0.879
"D12",5,"Tet-O7-ERG6","pRS315-CaurERG6","D",12,"0.0125% SDS",30,"10 µg/mL","D12_5",0.01,14.47725,0.872
"E1",5,"Tet-O7-ERG3","pRS315-NglaERG3","E",1,"0.01% SDS",30,"10 µg/mL","E1_5",0.017,31.963375,1.147
"E2",5,"Tet-O7-ERG3","pRS315-NglaERG3","E",2,"0.01% SDS",30,"10 µg/mL","E2_5",0.018,30.8205,1.19
"E3",5,"Tet-O7-ERG3","pRS315-NglaERG3","E",3,"0.01% SDS",30,"10 µg/mL","E3_5",0.017,28.685,1.098
"E4",5,"Tet-O7-ERG6","pRS315-NglaERG6","E",4,"0.01% SDS",30,"10 µg/mL","E4_5",0.018,29.5495,1.11
"E5",5,"Tet-O7-ERG6","pRS315-NglaERG6","E",5,"0.01% SDS",30,"10 µg/mL","E5_5",0.018,30.956875,1.137
"E6",5,"Tet-O7-ERG6","pRS315-NglaERG6","E",6,"0.01% SDS",30,"10 µg/mL","E6_5",0.018,29.869625,1.11
"E7",5,"Tet-O7-ERG3","pRS315-NglaERG3","E",7,"0.0125% SDS",30,"10 µg/mL","E7_5",0.014,24.6495,1.054
"E8",5,"Tet-O7-ERG3","pRS315-NglaERG3","E",8,"0.0125% SDS",30,"10 µg/mL","E8_5",0.015,23.451125,1.143
"E9",5,"Tet-O7-ERG3","pRS315-NglaERG3","E",9,"0.0125% SDS",30,"10 µg/mL","E9_5",0.014,23.04625,1.099
"E10",5,"Tet-O7-ERG6","pRS315-NglaERG6","E",10,"0.0125% SDS",30,"10 µg/mL","E10_5",0.0169999999999999,25.929625,1.136
"E11",5,"Tet-O7-ERG6","pRS315-NglaERG6","E",11,"0.0125% SDS",30,"10 µg/mL","E11_5",0.017,28.564375,1.249
"E12",5,"Tet-O7-ERG6","pRS315-NglaERG6","E",12,"0.0125% SDS",30,"10 µg/mL","E12_5",0.01,14.122375,0.822
"F1",5,"Tet-O7-ERG3","pRS315-CparERG3","F",1,"0.01% SDS",30,"10 µg/mL","F1_5",0.015,28.5875,1.096
"F2",5,"Tet-O7-ERG3","pRS315-CparERG3","F",2,"0.01% SDS",30,"10 µg/mL","F2_5",0.018,30.735375,1.197
"F3",5,"Tet-O7-ERG3","pRS315-CparERG3","F",3,"0.01% SDS",30,"10 µg/mL","F3_5",0.017,31.33375,1.167
"F4",5,"Tet-O7-ERG6","pRS315-CparERG6","F",4,"0.01% SDS",30,"10 µg/mL","F4_5",0.016,27.2855,1.105
"F5",5,"Tet-O7-ERG6","pRS315-CparERG6","F",5,"0.01% SDS",30,"10 µg/mL","F5_5",0.019,30.55475,1.205
"F6",5,"Tet-O7-ERG6","pRS315-CparERG6","F",6,"0.01% SDS",30,"10 µg/mL","F6_5",0.019,31.71125,1.218
"F7",5,"Tet-O7-ERG3","pRS315-CparERG3","F",7,"0.0125% SDS",30,"10 µg/mL","F7_5",0.015,25.401875,1.172
"F8",5,"Tet-O7-ERG3","pRS315-CparERG3","F",8,"0.0125% SDS",30,"10 µg/mL","F8_5",0.015,22.050125,1.188
"F9",5,"Tet-O7-ERG3","pRS315-CparERG3","F",9,"0.0125% SDS",30,"10 µg/mL","F9_5",0.016,26.556,1.254
"F10",5,"Tet-O7-ERG6","pRS315-CparERG6","F",10,"0.0125% SDS",30,"10 µg/mL","F10_5",0.015,22.3375,1.164
"F11",5,"Tet-O7-ERG6","pRS315-CparERG6","F",11,"0.0125% SDS",30,"10 µg/mL","F11_5",0.015,23.84875,1.202
"F12",5,"Tet-O7-ERG6","pRS315-CparERG6","F",12,"0.0125% SDS",30,"10 µg/mL","F12_5",0.0089999999999999,12.15975,0.721
"G1",5,"Tet-O7-ERG3","pRS315-CtroERG3","G",1,"0.01% SDS",30,"10 µg/mL","G1_5",0.013,26.726125,1.101
"G2",5,"Tet-O7-ERG3","pRS315-CtroERG3","G",2,"0.01% SDS",30,"10 µg/mL","G2_5",0.014,26.8295,1.135
"G3",5,"Tet-O7-ERG3","pRS315-CtroERG3","G",3,"0.01% SDS",30,"10 µg/mL","G3_5",0.015,29.04125,1.178
"G4",5,"Tet-O7-ERG6","pRS315-CtroERG6","G",4,"0.01% SDS",30,"10 µg/mL","G4_5",0.0139999999999999,23.510375,1.063
"G5",5,"Tet-O7-ERG6","pRS315-CtroERG6","G",5,"0.01% SDS",30,"10 µg/mL","G5_5",0.015,26.276875,1.152
"G6",5,"Tet-O7-ERG6","pRS315-CtroERG6","G",6,"0.01% SDS",30,"10 µg/mL","G6_5",0.016,28.7665,1.195
"G7",5,"Tet-O7-ERG3","pRS315-CtroERG3","G",7,"0.0125% SDS",30,"10 µg/mL","G7_5",0.011,20.568375,1.104
"G8",5,"Tet-O7-ERG3","pRS315-CtroERG3","G",8,"0.0125% SDS",30,"10 µg/mL","G8_5",0.013,19.74075,1.107
"G9",5,"Tet-O7-ERG3","pRS315-CtroERG3","G",9,"0.0125% SDS",30,"10 µg/mL","G9_5",0.012,20.539,1.144
"G10",5,"Tet-O7-ERG6","pRS315-CtroERG6","G",10,"0.0125% SDS",30,"10 µg/mL","G10_5",0.012,19.77275,1.122
"G11",5,"Tet-O7-ERG6","pRS315-CtroERG6","G",11,"0.0125% SDS",30,"10 µg/mL","G11_5",0.011,16.884625,1.002
"G12",5,"Tet-O7-ERG6","pRS315-CtroERG6","G",12,"0.0125% SDS",30,"10 µg/mL","G12_5",0.001,5.62925,0.132
"A1",6,"Tet-O7-ERG11","pRS31N","A",1,"None",30,"None","A1_6",0.034,45.428125,1.329
"A2",6,"Tet-O7-ERG11","pRS31N","A",2,"None",30,"None","A2_6",0.029,41.8755,1.248
"A3",6,"Tet-O7-ERG11","pRS31N","A",3,"None",30,"None","A3_6",0.0309999999999999,44.417375,1.321
"A4",6,"Tet-O7-ERG11","pRS31N-AfumCYP51B","A",4,"None",30,"None","A4_6",0.032,44.719625,1.336
"A5",6,"Tet-O7-ERG11","pRS31N-AfumCYP51B","A",5,"None",30,"None","A5_6",0.031,43.398125,1.29
"A6",6,"Tet-O7-ERG11","pRS31N-AfumCYP51B","A",6,"None",30,"None","A6_6",0.028,41.15875,1.21
"A7",6,"Tet-O7-ERG11","pRS31N","A",7,"None",30,"10 µg/mL","A7_6",0.001,5.603875,0.128
"A8",6,"Tet-O7-ERG11","pRS31N","A",8,"None",30,"10 µg/mL","A8_6",0.001,5.516125,0.127
"A9",6,"Tet-O7-ERG11","pRS31N","A",9,"None",30,"10 µg/mL","A9_6",0.001,5.496375,0.126
"A10",6,"Tet-O7-ERG11","pRS31N-AfumCYP51B","A",10,"None",30,"10 µg/mL","A10_6",0.03,40.219625,1.249
"A11",6,"Tet-O7-ERG11","pRS31N-AfumCYP51B","A",11,"None",30,"10 µg/mL","A11_6",0.032,41.141125,1.286
"A12",6,"Tet-O7-ERG11","pRS31N-AfumCYP51B","A",12,"None",30,"10 µg/mL","A12_6",0.026,36.099875,1.113
"B1",6,"Tet-O7-ERG11","pRS31N-ScerERG11","B",1,"None",30,"None","B1_6",0.035,46.925375,1.384
"B2",6,"Tet-O7-ERG11","pRS31N-ScerERG11","B",2,"None",30,"None","B2_6",0.03,42.315,1.288
"B3",6,"Tet-O7-ERG11","pRS31N-ScerERG11","B",3,"None",30,"None","B3_6",0.027,39.59525,1.221
"B7",6,"Tet-O7-ERG11","pRS31N-ScerERG11","B",7,"None",30,"10 µg/mL","B7_6",0.0279999999999999,39.0265,1.201
"B8",6,"Tet-O7-ERG11","pRS31N-ScerERG11","B",8,"None",30,"10 µg/mL","B8_6",0.029,40.1995,1.235
"B9",6,"Tet-O7-ERG11","pRS31N-ScerERG11","B",9,"None",30,"10 µg/mL","B9_6",0.032,43.05275,1.331
"C1",6,"Tet-O7-ERG11","pRS31N-CalbERG11","C",1,"None",30,"None","C1_6",0.032,44.232875,1.348
"C2",6,"Tet-O7-ERG11","pRS31N-CalbERG11","C",2,"None",30,"None","C2_6",0.029,40.961,1.257
"C3",6,"Tet-O7-ERG11","pRS31N-CalbERG11","C",3,"None",30,"None","C3_6",0.0329999999999999,42.983,1.273
"C7",6,"Tet-O7-ERG11","pRS31N-CalbERG11","C",7,"None",30,"10 µg/mL","C7_6",0.03,40.877875,1.27
"C8",6,"Tet-O7-ERG11","pRS31N-CalbERG11","C",8,"None",30,"10 µg/mL","C8_6",0.027,39.03875,1.214
"C9",6,"Tet-O7-ERG11","pRS31N-CalbERG11","C",9,"None",30,"10 µg/mL","C9_6",0.029,41.27775,1.254
"D1",6,"Tet-O7-ERG11","pRS31N-CaurERG11","D",1,"None",30,"None","D1_6",0.029,42.5945,1.303
"D2",6,"Tet-O7-ERG11","pRS31N-CaurERG11","D",2,"None",30,"None","D2_6",0.03,41.9345,1.278
"D3",6,"Tet-O7-ERG11","pRS31N-CaurERG11","D",3,"None",30,"None","D3_6",0.029,41.597375,1.263
"D7",6,"Tet-O7-ERG11","pRS31N-CaurERG11","D",7,"None",30,"10 µg/mL","D7_6",0.0279999999999999,40.024625,1.228
"D8",6,"Tet-O7-ERG11","pRS31N-CaurERG11","D",8,"None",30,"10 µg/mL","D8_6",0.026,38.25025,1.176
"D9",6,"Tet-O7-ERG11","pRS31N-CaurERG11","D",9,"None",30,"10 µg/mL","D9_6",0.028,39.789625,1.233
"E1",6,"Tet-O7-ERG11","pRS31N-NglaERG11","E",1,"None",30,"None","E1_6",0.03,43.729,1.327
"E2",6,"Tet-O7-ERG11","pRS31N-NglaERG11","E",2,"None",30,"None","E2_6",0.029,41.767625,1.254
"E3",6,"Tet-O7-ERG11","pRS31N-NglaERG11","E",3,"None",30,"None","E3_6",0.031,44.222875,1.28
"E7",6,"Tet-O7-ERG11","pRS31N-NglaERG11","E",7,"None",30,"10 µg/mL","E7_6",0.026,38.600125,1.194
"E8",6,"Tet-O7-ERG11","pRS31N-NglaERG11","E",8,"None",30,"10 µg/mL","E8_6",0.027,40.67425,1.234
"E9",6,"Tet-O7-ERG11","pRS31N-NglaERG11","E",9,"None",30,"10 µg/mL","E9_6",0.03,42.514,1.256
"F1",6,"Tet-O7-ERG11","pRS31N-CparERG11","F",1,"None",30,"None","F1_6",0.03,42.987125,1.33
"F2",6,"Tet-O7-ERG11","pRS31N-CparERG11","F",2,"None",30,"None","F2_6",0.024,37.574,1.147
"F3",6,"Tet-O7-ERG11","pRS31N-CparERG11","F",3,"None",30,"None","F3_6",0.027,41.483875,1.264
"F7",6,"Tet-O7-ERG11","pRS31N-CparERG11","F",7,"None",30,"10 µg/mL","F7_6",0.028,39.71275,1.234
"F8",6,"Tet-O7-ERG11","pRS31N-CparERG11","F",8,"None",30,"10 µg/mL","F8_6",0.027,39.68925,1.201
"F9",6,"Tet-O7-ERG11","pRS31N-CparERG11","F",9,"None",30,"10 µg/mL","F9_6",0.027,39.6285,1.252
"G1",6,"Tet-O7-ERG11","pRS31N-CtroERG11","G",1,"None",30,"None","G1_6",0.037,39.284,1.218
"G2",6,"Tet-O7-ERG11","pRS31N-CtroERG11","G",2,"None",30,"None","G2_6",0.026,39.55025,1.232
"G3",6,"Tet-O7-ERG11","pRS31N-CtroERG11","G",3,"None",30,"None","G3_6",0.027,40.02775,1.222
"G7",6,"Tet-O7-ERG11","pRS31N-CtroERG11","G",7,"None",30,"10 µg/mL","G7_6",0.0269999999999999,39.35675,1.232
"G8",6,"Tet-O7-ERG11","pRS31N-CtroERG11","G",8,"None",30,"10 µg/mL","G8_6",0.024,35.342125,1.1
"G9",6,"Tet-O7-ERG11","pRS31N-CtroERG11","G",9,"None",30,"10 µg/mL","G9_6",0.03,42.070125,1.291
"H1",6,"Tet-O7-ERG11","pRS31N-AfumCYP51A","H",1,"None",30,"None","H1_6",0.0279999999999999,40.450625,1.214
"H2",6,"Tet-O7-ERG11","pRS31N-AfumCYP51A","H",2,"None",30,"None","H2_6",0.0309999999999999,43.70925,1.291
"H3",6,"Tet-O7-ERG11","pRS31N-AfumCYP51A","H",3,"None",30,"None","H3_6",0.03,43.118875,1.289
"H7",6,"Tet-O7-ERG11","pRS31N-AfumCYP51A","H",7,"None",30,"10 µg/mL","H7_6",0.0269999999999999,31.127625,1.152
"H8",6,"Tet-O7-ERG11","pRS31N-AfumCYP51A","H",8,"None",30,"10 µg/mL","H8_6",0.024,32.540625,1.203
"H9",6,"Tet-O7-ERG11","pRS31N-AfumCYP51A","H",9,"None",30,"10 µg/mL","H9_6",0.026,32.74075,1.224
"A5",7,"Tet-O7-ERG11","pRS31N-ScerERG11","A",5,"2 µg/mL voriconazole",30,"10 µg/mL","A5_7",0.00683,13.6368212432432,0.62555
"B5",7,"Tet-O7-ERG11","pRS31N-ScerERG11","B",5,"2 µg/mL voriconazole",30,"10 µg/mL","B5_7",0.00757999999999998,14.3670346216216,0.66752
"C5",7,"Tet-O7-ERG11","pRS31N-ScerERG11","C",5,"2 µg/mL voriconazole",30,"10 µg/mL","C5_7",0.00724999999999998,13.1391820135135,0.63095
"D5",7,"Tet-O7-ERG11","pRS31N-ScerERG11 K151R","D",5,"2 µg/mL voriconazole",30,"10 µg/mL","D5_7",0.01073,18.4111609864865,0.78478
"E5",7,"Tet-O7-ERG11","pRS31N-ScerERG11 K151R","E",5,"2 µg/mL voriconazole",30,"10 µg/mL","E5_7",0.01135,20.4749654594595,0.8133
"F5",7,"Tet-O7-ERG11","pRS31N-ScerERG11 K151R","F",5,"2 µg/mL voriconazole",30,"10 µg/mL","F5_7",0.01032,16.5228512837838,0.74523
