,variant_id,hamming_dist_DNA,hamming_dist_AA,variant_type,fragment,median_log10_freq
0,"['A409A', 'D421A']",2,1,non-synonymous,F4,-5.128543040337618
1,"['A409A', 'G465G']",2,0,synonymous,F4,-5.166527646420794
2,['A409A'],1,0,synonymous,F4,-4.850996775750275
3,['A409E'],1,1,non-synonymous,F4,-4.307292296383439
4,['A409S'],1,1,non-synonymous,F4,-4.237108720706501
5,"['A409T', 'D421A']",2,2,non-synonymous,F4,-4.95216742284746
6,"['A409T', 'G464S']",2,2,non-synonymous,F4,-4.87999852576335
7,"['A409T', 'G465G']",2,1,non-synonymous,F4,-4.717735885868809
8,"['A409T', 'K454N']",2,2,non-synonymous,F4,-5.154785780882475
9,"['A409T', 'L461V']",2,2,non-synonymous,F4,-4.8017946042327075
10,"['A409T', 'V509I']",2,2,non-synonymous,F4,-4.95216742284746
11,['A409T'],1,1,non-synonymous,F4,-3.166468760207903
12,"['A409V', 'G448D']",2,2,non-synonymous,F4,-5.040355231592539
13,['A409V'],1,1,non-synonymous,F4,-3.9970521683754843
14,['A430A'],1,0,synonymous,F4,-5.128543040337618
15,['A430D'],1,1,non-synonymous,F4,-4.433464711211694
16,['A430P'],1,1,non-synonymous,F4,-4.879512012556933
17,['A430S'],1,1,non-synonymous,F4,-4.166527646420793
18,"['A430T', 'G465G']",2,1,non-synonymous,F4,-4.95216742284746
19,"['A430T', 'L461V']",2,2,non-synonymous,F4,-5.052097097130858
20,['A430T'],1,1,non-synonymous,F4,-3.1740277751579997
21,"['A430V', 'G464S']",2,2,non-synonymous,F4,-4.95216742284746
22,"['A430V', 'G465G']",2,1,non-synonymous,F4,-5.128543040337618
23,['A430V'],1,1,non-synonymous,F4,-3.562440065473675
24,['A431A'],1,0,synonymous,F4,-4.805300778714464
25,['A431E'],1,1,non-synonymous,F4,-4.3642639725368575
26,['A431P'],1,1,non-synonymous,F4,-4.827513044673637
27,['A431S'],1,1,non-synonymous,F4,-4.0332667565393265
28,"['A431T', 'F449I']",2,2,non-synonymous,F4,-5.066740151354634
29,"['A431T', 'G464S']",2,2,non-synonymous,F4,-4.916225153522643
30,"['A431T', 'G465G']",2,1,non-synonymous,F4,-4.388180350843374
31,['A431T'],1,1,non-synonymous,F4,-3.5845101522156084
32,"['A431V', 'G465G']",2,1,non-synonymous,F4,-4.990436387365112
33,"['A431V', 'L461V']",2,2,non-synonymous,F4,-5.052097097130858
34,['A431V'],1,1,non-synonymous,F4,-3.518664745398124
35,['A432A'],1,0,synonymous,F4,-4.262951146222434
36,"['A432D', 'G464S']",2,2,non-synonymous,F4,-5.066740151354634
37,"['A432D', 'G465G']",2,1,non-synonymous,F4,-5.128543040337618
38,['A432D'],1,1,non-synonymous,F4,-3.7320585572543377
39,"['A432G', 'G464S']",2,2,non-synonymous,F4,-4.6908702294245295
40,"['A432G', 'G465G']",2,1,non-synonymous,F4,-4.600552103634886
41,"['A432G', 'L461V']",2,2,non-synonymous,F4,-4.9413149015399185
42,"['A432G', 'V509I']",2,2,non-synonymous,F4,-4.989769908043947
43,['A432G'],1,1,non-synonymous,F4,-3.542847935186325
44,['A432P'],1,1,non-synonymous,F4,-4.952451781281937
45,"['A432S', 'G465G']",2,1,non-synonymous,F4,-5.016012648588803
46,['A432S'],1,1,non-synonymous,F4,-4.291199954697738
47,"['A432T', 'G464S']",2,2,non-synonymous,F4,-4.8017946042327075
48,"['A432T', 'G465G']",2,1,non-synonymous,F4,-4.87999852576335
49,['A432T'],1,1,non-synonymous,F4,-3.46837579004299
50,"['A432V', 'G464S']",2,2,non-synonymous,F4,-5.066740151354634
51,"['A432V', 'G465G']",2,1,non-synonymous,F4,-5.152026771414256
52,['A432V'],1,1,non-synonymous,F4,-3.6149238933125147
53,"['A434A', 'L461V']",2,1,non-synonymous,F4,-5.078482016892953
54,['A434A'],1,0,synonymous,F4,-4.192159624645118
55,['A434D'],1,1,non-synonymous,F4,-4.353269272012078
56,['A434P'],1,1,non-synonymous,F4,-4.87999852576335
57,['A434S'],1,1,non-synonymous,F4,-4.251209280684115
58,"['A434T', 'G465G']",2,1,non-synonymous,F4,-5.040355231592539
59,['A434T'],1,1,non-synonymous,F4,-3.6217188803413887
60,"['A434V', 'G465G']",2,1,non-synonymous,F4,-4.765081463266998
61,['A434V'],1,1,non-synonymous,F4,-3.507365520995596
62,['A476A'],1,0,synonymous,F4,-4.754086762742219
63,['A476E'],1,1,non-synonymous,F4,-4.007495978939413
64,['A476G'],1,1,non-synonymous,F4,-4.8642639725368575
65,['A476S'],1,1,non-synonymous,F4,-4.361864531095973
66,['A476T'],1,1,non-synonymous,F4,-3.7427449481937103
67,['A476V'],1,1,non-synonymous,F4,-3.4604620095386656
68,['A516A'],1,0,synonymous,F4,-4.614566465435008
69,['A516D'],1,1,non-synonymous,F4,-4.370995342907544
70,['A516P'],1,1,non-synonymous,F4,-4.776076163791779
71,['A516S'],1,1,non-synonymous,F4,-4.28006307495572
72,['A516T'],1,1,non-synonymous,F4,-3.0293197457824177
73,['A516V'],1,1,non-synonymous,F4,-3.9720550389516722
74,['C470*'],1,1,stop,F4,-4.541644626813127
75,['C470C'],1,0,synonymous,F4,-4.827513044673637
76,['C470F'],1,1,non-synonymous,F4,-4.224696928843985
77,"['C470G', 'V478V']",2,1,non-synonymous,F4,-5.154785780882475
78,['C470G'],1,1,non-synonymous,F4,-4.677522346945574
79,['C470S'],1,1,non-synonymous,F4,-4.498069538953677
80,['C470W'],1,1,non-synonymous,F4,-4.424382605215136
81,['C470Y'],1,1,non-synonymous,F4,-4.389840233760548
82,['D417A'],1,1,non-synonymous,F4,-4.552097097130858
83,['D417D'],1,0,synonymous,F4,-5.166527646420794
84,['D417G'],1,1,non-synonymous,F4,-4.640284905875937
85,['D417H'],1,1,non-synonymous,F4,-4.952451781281937
86,['D417N'],1,1,non-synonymous,F4,-4.952309602064698
87,['D417V'],1,1,non-synonymous,F4,-4.817042644252783
88,['D417Y'],1,1,non-synonymous,F4,-4.14564041880943
89,"['D421A', 'A430T']",2,2,non-synonymous,F4,-5.040355231592539
90,"['D421A', 'A432D']",2,2,non-synonymous,F4,-4.927967019060962
91,"['D421A', 'A432G']",2,2,non-synonymous,F4,-4.575118021628434
92,"['D421A', 'A432V']",2,2,non-synonymous,F4,-5.00493726237165
93,"['D421A', 'A434V']",2,2,non-synonymous,F4,-5.052097097130858
94,"['D421A', 'A516T']",2,2,non-synonymous,F4,-5.128543040337618
95,"['D421A', 'D428A']",2,2,non-synonymous,F4,-4.751067101466877
96,"['D421A', 'E517*']",2,2,stop,F4,-5.154785780882475
97,"['D421A', 'F449C']",2,2,non-synonymous,F4,-4.482058517091312
98,"['D421A', 'F449F']",2,1,non-synonymous,F4,-4.964051467603017
99,"['D421A', 'F449I']",2,2,non-synonymous,F4,-4.364893982574069
100,"['D421A', 'F449L']",2,2,non-synonymous,F4,-4.541021710913705
101,"['D421A', 'F449S']",2,2,non-synonymous,F4,-4.5789685300993686
102,"['D421A', 'F449V']",2,2,non-synonymous,F4,-4.231179417426168
103,"['D421A', 'F449Y']",2,2,non-synonymous,F4,-4.4646801600266715
104,"['D421A', 'F475L']",2,2,non-synonymous,F4,-4.95216742284746
105,"['D421A', 'F487C']",2,2,non-synonymous,F4,-5.078482016892953
106,"['D421A', 'F487L']",2,2,non-synonymous,F4,-4.964051467603017
107,"['D421A', 'G448D']",2,2,non-synonymous,F4,-3.931613259485586
108,"['D421A', 'G448S']",2,2,non-synonymous,F4,-4.805300778714465
109,"['D421A', 'G450E']",2,2,non-synonymous,F4,-4.26343765942885
110,"['D421A', 'G450R']",2,2,non-synonymous,F4,-4.062440065473675
111,"['D421A', 'G464S', 'G465G']",3,2,non-synonymous,F4,-4.8017946042327075
112,"['D421A', 'G464S']",2,2,non-synonymous,F4,-3.806039387169222
113,"['D421A', 'G465C']",2,2,non-synonymous,F4,-4.989769908043947
114,"['D421A', 'G465G', 'H468H']",3,1,non-synonymous,F4,-5.140284905875937
115,"['D421A', 'G465G', 'H468Q']",3,2,non-synonymous,F4,-5.040355231592539
116,"['D421A', 'G465G', 'V478V']",3,1,non-synonymous,F4,-5.140284905875937
117,"['D421A', 'G465G', 'Y505*']",3,2,stop,F4,-5.152026771414256
118,"['D421A', 'G465G']",2,1,non-synonymous,F4,-3.8660411985774195
119,"['D421A', 'G466D']",2,2,non-synonymous,F4,-4.760070968099366
120,"['D421A', 'G466S']",2,2,non-synonymous,F4,-4.651421785617956
121,"['D421A', 'H468H']",2,1,non-synonymous,F4,-4.9160829743054055
122,"['D421A', 'H468Q']",2,2,non-synonymous,F4,-4.651421785617956
123,"['D421A', 'K451I']",2,2,non-synonymous,F4,-4.955815776546455
124,"['D421A', 'K454E']",2,2,non-synonymous,F4,-4.743978626413665
125,"['D421A', 'K454K']",2,1,non-synonymous,F4,-4.916225153522643
126,"['D421A', 'K454N']",2,2,non-synonymous,F4,-4.221642111340377
127,"['D421A', 'L461V']",2,2,non-synonymous,F4,-3.975188347345036
128,"['D421A', 'L511I']",2,2,non-synonymous,F4,-5.066740151354634
129,"['D421A', 'N435H', 'G465G']",3,2,non-synonymous,F4,-5.052097097130858
130,"['D421A', 'N435H']",2,2,non-synonymous,F4,-4.224887172060443
131,"['D421A', 'P424S']",2,2,non-synonymous,F4,-5.154785780882475
132,"['D421A', 'P462A', 'G465G']",3,2,non-synonymous,F4,-5.066740151354634
133,"['D421A', 'P462A']",2,2,non-synonymous,F4,-4.989769908043947
134,"['D421A', 'P462T']",2,2,non-synonymous,F4,-5.152026771414256
135,"['D421A', 'P501P']",2,1,non-synonymous,F4,-5.140284905875937
136,"['D421A', 'P512L']",2,2,non-synonymous,F4,-4.827513044673637
137,"['D421A', 'R467I']",2,2,non-synonymous,F4,-4.350249610736736
138,"['D421A', 'R467S']",2,2,non-synonymous,F4,-5.066597972137396
139,"['D421A', 'S458P']",2,2,non-synonymous,F4,-4.549359098225027
140,"['D421A', 'T513T']",2,1,non-synonymous,F4,-5.066740151354634
141,"['D421A', 'V445L']",2,2,non-synonymous,F4,-4.865497650756812
142,"['D421A', 'V452A']",2,2,non-synonymous,F4,-4.850996775750275
143,"['D421A', 'V478V']",2,1,non-synonymous,F4,-4.776076163791779
144,"['D421A', 'V509I']",2,2,non-synonymous,F4,-3.8275130446736365
145,"['D421A', 'V509L']",2,2,non-synonymous,F4,-4.040355231592539
146,"['D421A', 'V509V']",2,1,non-synonymous,F4,-5.140284905875937
147,"['D421A', 'Y447Y']",2,1,non-synonymous,F4,-5.016012648588803
148,"['D421A', 'Y460*']",2,2,stop,F4,-4.975935512358575
149,"['D421A', 'Y460Y']",2,1,non-synonymous,F4,-4.8017946042327075
150,"['D421A', 'Y505*']",2,2,stop,F4,-4.87999852576335
151,"['D421A', 'Y505Y']",2,1,non-synonymous,F4,-4.827513044673637
152,['D421A'],1,1,non-synonymous,F4,-2.20126938056188
153,['D421E'],1,1,non-synonymous,F4,-4.853755785218493
154,"['D421G', 'F449C']",2,2,non-synonymous,F4,-5.066597972137396
155,"['D421G', 'F449V']",2,2,non-synonymous,F4,-5.078482016892953
156,"['D421G', 'G448D']",2,2,non-synonymous,F4,-4.952309602064698
157,"['D421G', 'G448S']",2,2,non-synonymous,F4,-5.154785780882475
158,"['D421G', 'G464S']",2,2,non-synonymous,F4,-4.549359098225027
159,"['D421G', 'G465G']",2,1,non-synonymous,F4,-4.654785780882474
160,"['D421G', 'N435H']",2,2,non-synonymous,F4,-4.9785523426095555
161,['D421G'],1,1,non-synonymous,F4,-3.2743108051770253
162,['D421N'],1,1,non-synonymous,F4,-4.975935512358575
163,"['D421V', 'A430T']",2,2,non-synonymous,F4,-5.166527646420794
164,"['D421V', 'A432D']",2,2,non-synonymous,F4,-4.87999852576335
165,"['D421V', 'D428A']",2,2,non-synonymous,F4,-4.975935512358575
166,"['D421V', 'F449C']",2,2,non-synonymous,F4,-4.952451781281937
167,"['D421V', 'F449L']",2,2,non-synonymous,F4,-4.95216742284746
168,"['D421V', 'F449S']",2,2,non-synonymous,F4,-5.004270783050484
169,"['D421V', 'F449V']",2,2,non-synonymous,F4,-4.760070968099366
170,"['D421V', 'F487L']",2,2,non-synonymous,F4,-5.066740151354634
171,"['D421V', 'G448D']",2,2,non-synonymous,F4,-4.95216742284746
172,"['D421V', 'G450E']",2,2,non-synonymous,F4,-4.743978626413665
173,"['D421V', 'G450R', 'G465G']",3,2,non-synonymous,F4,-5.066597972137396
174,"['D421V', 'G450R']",2,2,non-synonymous,F4,-4.717255149186624
175,"['D421V', 'G464S', 'G465G']",3,2,non-synonymous,F4,-4.805300778714464
176,"['D421V', 'G464S']",2,2,non-synonymous,F4,-4.482058517091312
177,"['D421V', 'G465G', 'Y505*']",3,2,stop,F4,-4.754086762742219
178,"['D421V', 'G465G']",2,1,non-synonymous,F4,-4.545008622077646
179,"['D421V', 'G466S']",2,2,non-synonymous,F4,-4.978694521826793
180,"['D421V', 'K454N']",2,2,non-synonymous,F4,-4.73060303166558
181,"['D421V', 'L461V']",2,2,non-synonymous,F4,-4.8017946042327075
182,"['D421V', 'P512L']",2,2,non-synonymous,F4,-5.004270783050484
183,"['D421V', 'V452A']",2,2,non-synonymous,F4,-4.865497650756812
184,"['D421V', 'V509I']",2,2,non-synonymous,F4,-4.464193646820256
185,"['D421V', 'Y505*']",2,2,stop,F4,-4.692017445427879
186,['D421V'],1,1,non-synonymous,F4,-2.8285633415765377
187,['D421Y'],1,1,non-synonymous,F4,-3.9679576930745855
188,['D423E'],1,1,non-synonymous,F4,-5.066740151354634
189,['D423G'],1,1,non-synonymous,F4,-4.367770147018615
190,['D423V'],1,1,non-synonymous,F4,-4.952309602064698
191,['D423Y'],1,1,non-synonymous,F4,-4.018674092581975
192,['D428A'],1,1,non-synonymous,F4,-4.739991715249724
193,['D428D'],1,0,synonymous,F4,-5.00493726237165
194,['D428G'],1,1,non-synonymous,F4,-4.640951385197102
195,['D428N'],1,1,non-synonymous,F4,-4.989769908043947
196,['D428V'],1,1,non-synonymous,F4,-4.850996775750275
197,"['D428Y', 'A432G']",2,2,non-synonymous,F4,-5.0522392763480966
198,"['D428Y', 'G465G']",2,1,non-synonymous,F4,-5.152026771414256
199,['D428Y'],1,1,non-synonymous,F4,-4.181915752383736
200,['D443D'],1,0,synonymous,F4,-3.603105382418492
201,['D443G'],1,1,non-synonymous,F4,-4.978694521826793
202,['D443N'],1,1,non-synonymous,F4,-3.7126940775839934
203,['D443Y'],1,1,non-synonymous,F4,-3.9499532077056454
204,['D446A'],1,1,non-synonymous,F4,-4.850996775750275
205,['D446N'],1,1,non-synonymous,F4,-4.779582338273536
206,['D446Y'],1,1,non-synonymous,F4,-4.417372369525993
207,['D496A'],1,1,non-synonymous,F4,-4.990436387365112
208,['D496D'],1,0,synonymous,F4,-3.2464497481098076
209,['D496E'],1,1,non-synonymous,F4,-4.5789685300993686
210,['D496G'],1,1,non-synonymous,F4,-4.622459602070518
211,['D496H'],1,1,non-synonymous,F4,-5.140284905875937
212,['D496N'],1,1,non-synonymous,F4,-4.137445210715345
213,['D496Y'],1,1,non-synonymous,F4,-4.21720628952659
214,['D502E'],1,1,non-synonymous,F4,-4.668657963465358
215,['D502N'],1,1,non-synonymous,F4,-4.768587637748755
216,['D502Y'],1,1,non-synonymous,F4,-3.9298945961016543
217,['D504D'],1,0,synonymous,F4,-4.362133655492293
218,['D504E'],1,1,non-synonymous,F4,-4.296155416641421
219,['D504G'],1,1,non-synonymous,F4,-4.95216742284746
220,['D504N'],1,1,non-synonymous,F4,-4.1691890904139655
221,['D504Y'],1,1,non-synonymous,F4,-3.920224104282035
222,['E391*'],1,1,stop,F4,-4.239991715249724
223,"['E391D', 'D421A']",2,2,non-synonymous,F4,-4.952309602064698
224,"['E391D', 'G399G', 'D421A']",3,2,non-synonymous,F4,-5.154785780882475
225,"['E391D', 'G399G']",2,1,non-synonymous,F4,-5.152026771414256
226,"['E391D', 'P397P']",2,1,non-synonymous,F4,-4.901724278516106
227,"['E391D', 'R414S']",2,2,non-synonymous,F4,-5.140284905875937
228,['E391D'],1,1,non-synonymous,F4,-4.457449505756221
229,['E391K'],1,1,non-synonymous,F4,-5.00493726237165
230,['E391V'],1,1,non-synonymous,F4,-5.00493726237165
231,"['E413*', 'G464S']",2,2,stop,F4,-4.8017946042327075
232,"['E413*', 'G465G']",2,1,stop,F4,-5.128543040337618
233,['E413*'],1,1,stop,F4,-3.800684558012412
234,['E413A'],1,1,non-synonymous,F4,-4.87999852576335
235,"['E413D', 'L461V']",2,2,non-synonymous,F4,-4.964051467603017
236,['E413D'],1,1,non-synonymous,F4,-4.108993913761855
237,['E413E'],1,0,synonymous,F4,-5.00493726237165
238,['E413G'],1,1,non-synonymous,F4,-4.6908702294245295
239,"['E413K', 'D421V']",2,2,non-synonymous,F4,-5.066740151354634
240,"['E413K', 'G465G']",2,1,non-synonymous,F4,-4.975935512358575
241,"['E413K', 'R414S']",2,2,non-synonymous,F4,-4.955815776546455
242,['E413K'],1,1,non-synonymous,F4,-4.354903001221843
243,['E413Q'],1,1,non-synonymous,F4,-5.154785780882475
244,['E413V'],1,1,non-synonymous,F4,-4.714982652924822
245,"['E420*', 'D421V']",2,2,stop,F4,-5.066740151354634
246,['E420*'],1,1,stop,F4,-4.239325235928558
247,"['E420A', 'D421A']",2,2,non-synonymous,F4,-4.952451781281937
248,['E420A'],1,1,non-synonymous,F4,-4.725490840243186
249,['E420D'],1,1,non-synonymous,F4,-4.15156683220693
250,['E420E'],1,0,synonymous,F4,-4.916225153522643
251,"['E420G', 'D421G']",2,2,non-synonymous,F4,-5.0522392763480966
252,"['E420G', 'N435H']",2,2,non-synonymous,F4,-4.850996775750275
253,['E420G'],1,1,non-synonymous,F4,-4.125704662790584
254,['E420K'],1,1,non-synonymous,F4,-4.95216742284746
255,['E420V'],1,1,non-synonymous,F4,-4.853127092794839
256,['E444*'],1,1,stop,F4,-4.111832480207701
257,['E444A'],1,1,non-synonymous,F4,-5.140284905875937
258,"['E444D', 'G464S']",2,2,non-synonymous,F4,-5.154785780882475
259,['E444D'],1,1,non-synonymous,F4,-4.000764608568726
260,"['E444G', 'G464S']",2,2,non-synonymous,F4,-5.154785780882475
261,['E444G'],1,1,non-synonymous,F4,-3.978694521826793
262,['E444K'],1,1,non-synonymous,F4,-4.952451781281937
263,['E444V'],1,1,non-synonymous,F4,-4.501431087889893
264,['E473*'],1,1,stop,F4,-3.708029365346741
265,['E473D'],1,1,non-synonymous,F4,-4.070984934291149
266,['E473E'],1,0,synonymous,F4,-4.689406391701131
267,['E473G'],1,1,non-synonymous,F4,-4.927967019060962
268,['E473K'],1,1,non-synonymous,F4,-4.5522392763480966
269,['E473V'],1,1,non-synonymous,F4,-3.0292648118857066
270,['E514*'],1,1,stop,F4,-3.796432671536821
271,['E514D'],1,1,non-synonymous,F4,-4.850996775750275
272,['E514E'],1,0,synonymous,F4,-4.108513177079671
273,['E514K'],1,1,non-synonymous,F4,-3.961173985544914
274,['E517*'],1,1,stop,F4,-3.9260150405569427
275,['E517K'],1,1,non-synonymous,F4,-4.438295240264576
276,['F380F'],1,0,synonymous,F4,-4.381027935936993
277,['F380I'],1,1,non-synonymous,F4,-4.9785523426095555
278,"['F380L', 'G464S']",2,2,non-synonymous,F4,-4.84138522725652
279,['F380L'],1,1,non-synonymous,F4,-3.7996642871881434
280,['F380S'],1,1,non-synonymous,F4,-4.850996775750275
281,['F380V'],1,1,non-synonymous,F4,-4.87999852576335
282,['F416C'],1,1,non-synonymous,F4,-4.813536469771027
283,['F416F'],1,0,synonymous,F4,-4.433464711211694
284,"['F416I', 'G465G']",2,1,non-synonymous,F4,-4.839921389533122
285,['F416I'],1,1,non-synonymous,F4,-4.28858890097099
286,['F416S'],1,1,non-synonymous,F4,-4.489769908043947
287,['F416V'],1,1,non-synonymous,F4,-4.566740151354633
288,['F422C'],1,1,non-synonymous,F4,-5.152026771414256
289,['F422F'],1,0,synonymous,F4,-4.615052978641424
290,['F422I'],1,1,non-synonymous,F4,-4.95216742284746
291,['F422S'],1,1,non-synonymous,F4,-4.989769908043947
292,['F422V'],1,1,non-synonymous,F4,-4.753339597728679
293,['F439F'],1,0,synonymous,F4,-4.95216742284746
294,['F439I'],1,1,non-synonymous,F4,-4.424603023796443
295,['F439L'],1,1,non-synonymous,F4,-4.5789685300993686
296,['F439S'],1,1,non-synonymous,F4,-4.850996775750275
297,['F439V'],1,1,non-synonymous,F4,-4.669280879364781
298,['F439Y'],1,1,non-synonymous,F4,-4.813536469771027
299,"['F449C', 'G465G']",2,1,non-synonymous,F4,-4.457665114998192
300,['F449C'],1,1,non-synonymous,F4,-2.3934588523142946
301,['F449F'],1,0,synonymous,F4,-3.6171866755276367
302,"['F449I', 'G464S']",2,2,non-synonymous,F4,-5.040355231592539
303,"['F449I', 'G465G']",2,1,non-synonymous,F4,-4.563091797655638
304,['F449I'],1,1,non-synonymous,F4,-2.55635204950591
305,"['F449L', 'G465G']",2,1,non-synonymous,F4,-4.593463628581675
306,"['F449L', 'P515T']",2,2,non-synonymous,F4,-5.078482016892953
307,"['F449L', 'Y505*']",2,2,stop,F4,-5.140284905875937
308,['F449L'],1,1,non-synonymous,F4,-2.9923776492964684
309,"['F449S', 'G465G']",2,1,non-synonymous,F4,-4.952451781281937
310,['F449S'],1,1,non-synonymous,F4,-2.876098159576086
311,"['F449V', 'G465G']",2,1,non-synonymous,F4,-4.1949040838518625
312,"['F449V', 'H468H']",2,1,non-synonymous,F4,-5.078482016892953
313,['F449V'],1,1,non-synonymous,F4,-2.351997412170122
314,"['F449Y', 'G465G']",2,1,non-synonymous,F4,-4.359253477369225
315,['F449Y'],1,1,non-synonymous,F4,-3.041160166433515
316,"['F463C', 'G465G']",2,1,non-synonymous,F4,-4.853755785218493
317,['F463C'],1,1,non-synonymous,F4,-4.3470738044395025
318,['F463F'],1,0,synonymous,F4,-3.9072219706668374
319,"['F463I', 'G465G']",2,1,non-synonymous,F4,-4.952451781281937
320,['F463I'],1,1,non-synonymous,F4,-3.6565109177665063
321,['F463L'],1,1,non-synonymous,F4,-4.307292296383439
322,"['F463S', 'G465G']",2,1,non-synonymous,F4,-4.776076163791779
323,['F463S'],1,1,non-synonymous,F4,-4.38837639603715
324,"['F463V', 'G465G']",2,1,non-synonymous,F4,-4.549966780086294
325,['F463V'],1,1,non-synonymous,F4,-3.5720983603530923
326,"['F463Y', 'G465G']",2,1,non-synonymous,F4,-4.853127092794839
327,['F463Y'],1,1,non-synonymous,F4,-4.514778970368848
328,['F475C'],1,1,non-synonymous,F4,-4.167071194241401
329,['F475F'],1,0,synonymous,F4,-3.720663007255269
330,['F475I'],1,1,non-synonymous,F4,-4.651421785617956
331,"['F475L', 'V478V']",2,1,non-synonymous,F4,-5.066740151354634
332,['F475L'],1,1,non-synonymous,F4,-4.195042883227453
333,['F475S'],1,1,non-synonymous,F4,-4.615195157858662
334,['F475Y'],1,1,non-synonymous,F4,-4.328518081459748
335,['F487C'],1,1,non-synonymous,F4,-3.9117477321961798
336,['F487F'],1,0,synonymous,F4,-4.813536469771027
337,['F487I'],1,1,non-synonymous,F4,-4.901724278516106
338,"['F487L', 'Y505*']",2,2,stop,F4,-4.989769908043947
339,['F487L'],1,1,non-synonymous,F4,-4.072845525366631
340,['F487V'],1,1,non-synonymous,F4,-4.952309602064698
341,['F487Y'],1,1,non-synonymous,F4,-4.828037344777565
342,['G399*'],1,1,stop,F4,-4.089239643120019
343,['G399E'],1,1,non-synonymous,F4,-5.040355231592539
344,"['G399G', 'A432V']",2,1,non-synonymous,F4,-4.901724278516106
345,"['G399G', 'D421A', 'G465G']",3,1,non-synonymous,F4,-4.952451781281937
346,"['G399G', 'D421A', 'N435H']",3,2,non-synonymous,F4,-5.140284905875937
347,"['G399G', 'D421A']",2,1,non-synonymous,F4,-4.211804733353216
348,"['G399G', 'D421G']",2,1,non-synonymous,F4,-5.0522392763480966
349,"['G399G', 'D421V']",2,1,non-synonymous,F4,-4.850996775750275
350,"['G399G', 'G450E']",2,1,non-synonymous,F4,-5.166527646420794
351,"['G399G', 'G464S']",2,1,non-synonymous,F4,-4.776076163791779
352,"['G399G', 'G465G']",2,0,synonymous,F4,-4.683781754371317
353,"['G399G', 'L461V']",2,1,non-synonymous,F4,-4.827513044673637
354,"['G399G', 'N435H']",2,1,non-synonymous,F4,-5.0522392763480966
355,"['G399G', 'R414R']",2,0,synonymous,F4,-4.636960477077055
356,"['G399G', 'R414S']",2,1,non-synonymous,F4,-4.629690256340968
357,"['G399G', 'V509I']",2,1,non-synonymous,F4,-4.9413149015399185
358,"['G399G', 'Y415C']",2,1,non-synonymous,F4,-4.780205254172959
359,"['G399G', 'Y415F']",2,1,non-synonymous,F4,-4.952451781281937
360,"['G399G', 'Y415S']",2,1,non-synonymous,F4,-5.128543040337618
361,['G399G'],1,0,synonymous,F4,-4.0522392763480966
362,['G399R'],1,1,non-synonymous,F4,-4.618072639916765
363,['G399V'],1,1,non-synonymous,F4,-4.313536469771027
364,"['G407C', 'G465G']",2,1,non-synonymous,F4,-5.140284905875937
365,['G407C'],1,1,non-synonymous,F4,-3.5418061656995024
366,"['G407D', 'D421A']",2,2,non-synonymous,F4,-4.765567976473415
367,"['G407D', 'D421V']",2,2,non-synonymous,F4,-5.152026771414256
368,"['G407D', 'G450R']",2,2,non-synonymous,F4,-5.066740151354634
369,"['G407D', 'G464S']",2,2,non-synonymous,F4,-4.805300778714464
370,"['G407D', 'G465G']",2,1,non-synonymous,F4,-4.654785780882475
371,"['G407D', 'R414R']",2,1,non-synonymous,F4,-4.952451781281937
372,"['G407D', 'R414S']",2,2,non-synonymous,F4,-5.066740151354634
373,"['G407D', 'V509L']",2,2,non-synonymous,F4,-4.84138522725652
374,"['G407D', 'Y415F']",2,2,non-synonymous,F4,-5.154785780882475
375,['G407D'],1,1,non-synonymous,F4,-2.639419146765751
376,['G407G'],1,0,synonymous,F4,-4.195622715991072
377,"['G407S', 'D421A']",2,2,non-synonymous,F4,-5.140284905875937
378,"['G407S', 'G465G']",2,1,non-synonymous,F4,-4.713748974704867
379,"['G407S', 'R414R']",2,1,non-synonymous,F4,-4.989769908043947
380,"['G407S', 'R414S']",2,2,non-synonymous,F4,-5.140284905875937
381,['G407S'],1,1,non-synonymous,F4,-3.08026517600434
382,['G407V'],1,1,non-synonymous,F4,-4.362133655492293
383,['G448C'],1,1,non-synonymous,F4,-4.120930686223911
384,"['G448D', 'A516T']",2,2,non-synonymous,F4,-4.602824599896689
385,"['G448D', 'D496D']",2,1,non-synonymous,F4,-4.8017946042327075
386,"['G448D', 'G465G']",2,1,non-synonymous,F4,-4.644048952130268
387,"['G448D', 'K454N']",2,2,non-synonymous,F4,-5.040355231592539
388,"['G448D', 'P503L']",2,2,non-synonymous,F4,-5.040355231592539
389,['G448D'],1,1,non-synonymous,F4,-2.3973936327693925
390,['G448G'],1,0,synonymous,F4,-4.310656291647959
391,"['G448S', 'G465G']",2,1,non-synonymous,F4,-4.333059442639381
392,['G448S'],1,1,non-synonymous,F4,-3.7297670907050215
393,['G448V'],1,1,non-synonymous,F4,-4.4167058902048275
394,"['G450E', 'G465G']",2,1,non-synonymous,F4,-4.136178726243988
395,['G450E'],1,1,non-synonymous,F4,-2.2485547567501776
396,['G450G'],1,0,synonymous,F4,-4.324673349513045
397,"['G450R', 'A476V']",2,2,non-synonymous,F4,-5.066740151354634
398,"['G450R', 'A516T']",2,2,non-synonymous,F4,-4.805300778714464
399,"['G450R', 'G464S']",2,2,non-synonymous,F4,-4.952309602064698
400,"['G450R', 'G465G']",2,1,non-synonymous,F4,-4.4295730360015995
401,"['G450R', 'H468H']",2,1,non-synonymous,F4,-5.066740151354634
402,"['G450R', 'V478V']",2,1,non-synonymous,F4,-5.066740151354634
403,['G450R'],1,1,non-synonymous,F4,-2.0754645968541983
404,['G450V'],1,1,non-synonymous,F4,-4.18254444480739
405,"['G450W', 'G464S']",2,2,non-synonymous,F4,-5.066597972137396
406,"['G450W', 'G465G']",2,1,non-synonymous,F4,-4.975935512358575
407,['G450W'],1,1,non-synonymous,F4,-3.8921661332925694
408,['G455C'],1,1,non-synonymous,F4,-4.328179523994803
409,['G455D'],1,1,non-synonymous,F4,-5.0522392763480966
410,['G455G'],1,0,synonymous,F4,-4.174301848511851
411,['G455S'],1,1,non-synonymous,F4,-4.901582099298867
412,['G455V'],1,1,non-synonymous,F4,-4.813536469771027
413,['G464C'],1,1,non-synonymous,F4,-4.337521948092237
414,"['G464D', 'G465G']",2,1,non-synonymous,F4,-5.140284905875937
415,['G464D'],1,1,non-synonymous,F4,-4.433464711211694
416,"['G464G', 'G465G']",2,0,synonymous,F4,-4.73060303166558
417,"['G464G', 'G466S']",2,1,non-synonymous,F4,-4.894012887563472
418,['G464G'],1,0,synonymous,F4,-4.332572929432965
419,['G464R'],1,1,non-synonymous,F4,-5.00493726237165
420,"['G464S', 'A476T']",2,2,non-synonymous,F4,-4.853755785218493
421,"['G464S', 'A476V']",2,2,non-synonymous,F4,-4.95216742284746
422,"['G464S', 'A516T']",2,2,non-synonymous,F4,-4.636960477077055
423,"['G464S', 'D496D']",2,1,non-synonymous,F4,-4.952451781281937
424,"['G464S', 'D496Y']",2,2,non-synonymous,F4,-5.128543040337618
425,"['G464S', 'D504Y']",2,2,non-synonymous,F4,-5.066740151354634
426,"['G464S', 'E473*']",2,2,stop,F4,-4.916225153522643
427,"['G464S', 'E473D']",2,2,non-synonymous,F4,-5.040355231592539
428,"['G464S', 'E514*']",2,2,stop,F4,-4.978694521826793
429,"['G464S', 'G465C']",2,2,non-synonymous,F4,-5.154785780882475
430,"['G464S', 'G465G', 'H468H']",3,1,non-synonymous,F4,-4.916225153522643
431,"['G464S', 'G465G', 'R469R']",3,1,non-synonymous,F4,-5.154785780882475
432,"['G464S', 'G465G', 'Y505*']",3,2,stop,F4,-5.004270783050484
433,"['G464S', 'G465G']",2,1,non-synonymous,F4,-3.8385084289751
434,"['G464S', 'G497G']",2,1,non-synonymous,F4,-4.827513044673637
435,"['G464S', 'H468H']",2,1,non-synonymous,F4,-4.651137427183479
436,"['G464S', 'H468Q']",2,2,non-synonymous,F4,-4.95216742284746
437,"['G464S', 'I471M']",2,2,non-synonymous,F4,-5.154785780882475
438,"['G464S', 'P501P']",2,1,non-synonymous,F4,-4.8017946042327075
439,"['G464S', 'P512P']",2,1,non-synonymous,F4,-4.916225153522643
440,"['G464S', 'P515L']",2,2,non-synonymous,F4,-5.066597972137396
441,"['G464S', 'P515Q']",2,2,non-synonymous,F4,-5.004270783050484
442,"['G464S', 'P515T']",2,2,non-synonymous,F4,-4.828179523994803
443,"['G464S', 'T482T']",2,1,non-synonymous,F4,-5.004270783050484
444,"['G464S', 'T494A']",2,2,non-synonymous,F4,-5.040355231592539
445,"['G464S', 'T513I']",2,2,non-synonymous,F4,-4.955815776546455
446,"['G464S', 'T513T']",2,1,non-synonymous,F4,-5.154785780882475
447,"['G464S', 'V478V']",2,1,non-synonymous,F4,-4.768321209417401
448,"['G464S', 'V509I']",2,2,non-synonymous,F4,-4.602824599896689
449,"['G464S', 'V509L']",2,2,non-synonymous,F4,-4.753339597728679
450,"['G464S', 'W493L']",2,2,non-synonymous,F4,-5.004270783050484
451,"['G464S', 'Y477Y']",2,1,non-synonymous,F4,-5.004270783050484
452,"['G464S', 'Y505*']",2,2,stop,F4,-4.61780621158541
453,"['G464S', 'Y505Y']",2,1,non-synonymous,F4,-4.740133894466962
454,['G464S'],1,1,non-synonymous,F4,-1.7376765599977828
455,['G464V'],1,1,non-synonymous,F4,-4.581093070619701
456,['G465C'],1,1,non-synonymous,F4,-4.041988960802305
457,['G465D'],1,1,non-synonymous,F4,-3.8507151208247214
458,"['G465G', 'A476E']",2,1,non-synonymous,F4,-4.779582338273536
459,"['G465G', 'A476T']",2,1,non-synonymous,F4,-4.916225153522643
460,"['G465G', 'A476V']",2,1,non-synonymous,F4,-5.0522392763480966
461,"['G465G', 'A516T']",2,1,non-synonymous,F4,-4.86412179331962
462,"['G465G', 'C470G']",2,1,non-synonymous,F4,-5.152026771414256
463,"['G465G', 'C470W']",2,1,non-synonymous,F4,-4.828037344777565
464,"['G465G', 'D496D']",2,0,synonymous,F4,-4.95216742284746
465,"['G465G', 'D496N']",2,1,non-synonymous,F4,-4.867770147018614
466,"['G465G', 'E473*']",2,1,stop,F4,-5.128543040337618
467,"['G465G', 'E473D']",2,1,non-synonymous,F4,-4.527816007651987
468,"['G465G', 'F475C']",2,1,non-synonymous,F4,-4.853755785218493
469,"['G465G', 'F475F']",2,0,synonymous,F4,-4.790799903707928
470,"['G465G', 'F475L']",2,1,non-synonymous,F4,-5.0522392763480966
471,"['G465G', 'F487C']",2,1,non-synonymous,F4,-4.508029052780582
472,"['G465G', 'F487L', 'Y505*']",3,2,stop,F4,-4.952451781281937
473,"['G465G', 'F487L']",2,1,non-synonymous,F4,-4.253197418511442
474,"['G465G', 'G466G', 'V478V']",3,0,synonymous,F4,-5.040355231592539
475,"['G465G', 'G466G']",2,0,synonymous,F4,-4.8676279678013765
476,"['G465G', 'G466S']",2,1,non-synonymous,F4,-4.663021471939036
477,"['G465G', 'G472G', 'Y505*']",3,1,stop,F4,-4.975935512358575
478,"['G465G', 'G472G']",2,0,synonymous,F4,-4.636960477077055
479,"['G465G', 'G481G']",2,0,synonymous,F4,-5.140284905875937
480,"['G465G', 'G497G']",2,0,synonymous,F4,-4.952451781281937
481,"['G465G', 'H468D']",2,1,non-synonymous,F4,-5.00493726237165
482,"['G465G', 'H468H', 'Y505*']",3,1,stop,F4,-4.853755785218493
483,"['G465G', 'H468H']",2,0,synonymous,F4,-4.674905516694594
484,"['G465G', 'H468N']",2,1,non-synonymous,F4,-4.702754274180087
485,"['G465G', 'H468P']",2,1,non-synonymous,F4,-5.0522392763480966
486,"['G465G', 'H468Q']",2,1,non-synonymous,F4,-4.651137427183479
487,"['G465G', 'I471I']",2,0,synonymous,F4,-4.839254910211956
488,"['G465G', 'I471M']",2,1,non-synonymous,F4,-4.73060303166558
489,"['G465G', 'I471R']",2,1,non-synonymous,F4,-4.9785523426095555
490,"['G465G', 'I471V']",2,1,non-synonymous,F4,-4.964193646820256
491,"['G465G', 'I483R']",2,1,non-synonymous,F4,-5.0522392763480966
492,"['G465G', 'K499E']",2,1,non-synonymous,F4,-4.975935512358575
493,"['G465G', 'L480L']",2,0,synonymous,F4,-4.827513044673637
494,"['G465G', 'L480R']",2,1,non-synonymous,F4,-5.078482016892953
495,"['G465G', 'L484L']",2,0,synonymous,F4,-4.975935512358575
496,"['G465G', 'L511I']",2,1,non-synonymous,F4,-5.0522392763480966
497,"['G465G', 'M508K']",2,1,non-synonymous,F4,-5.166527646420794
498,"['G465G', 'N490T']",2,1,non-synonymous,F4,-4.853269272012078
499,"['G465G', 'P501P']",2,0,synonymous,F4,-4.84138522725652
500,"['G465G', 'P512L']",2,1,non-synonymous,F4,-4.600694282852125
501,"['G465G', 'P512P']",2,0,synonymous,F4,-5.128543040337618
502,"['G465G', 'P512S']",2,1,non-synonymous,F4,-4.805300778714465
503,"['G465G', 'P512T']",2,1,non-synonymous,F4,-5.078482016892953
504,"['G465G', 'P515Q']",2,1,non-synonymous,F4,-5.154785780882475
505,"['G465G', 'P515S']",2,1,non-synonymous,F4,-5.0522392763480966
506,"['G465G', 'P515T']",2,1,non-synonymous,F4,-4.6147086446522465
507,"['G465G', 'Q479K']",2,1,non-synonymous,F4,-4.975935512358575
508,"['G465G', 'Q479Q']",2,0,synonymous,F4,-4.828037344777565
509,"['G465G', 'Q479R']",2,1,non-synonymous,F4,-5.128543040337618
510,"['G465G', 'R467R', 'F487C']",3,1,non-synonymous,F4,-4.964193646820256
511,"['G465G', 'R467R']",2,0,synonymous,F4,-4.952451781281937
512,"['G465G', 'R467S']",2,1,non-synonymous,F4,-4.86412179331962
513,"['G465G', 'R469R']",2,0,synonymous,F4,-4.505417999053834
514,"['G465G', 'S507T']",2,1,non-synonymous,F4,-4.952309602064698
515,"['G465G', 'T482A']",2,1,non-synonymous,F4,-4.95216742284746
516,"['G465G', 'T482P']",2,1,non-synonymous,F4,-5.00493726237165
517,"['G465G', 'T482T']",2,0,synonymous,F4,-4.753197418511442
518,"['G465G', 'T485T']",2,0,synonymous,F4,-5.0522392763480966
519,"['G465G', 'T486K']",2,1,non-synonymous,F4,-5.166527646420794
520,"['G465G', 'T486M']",2,1,non-synonymous,F4,-5.078482016892953
521,"['G465G', 'T494A']",2,1,non-synonymous,F4,-5.0522392763480966
522,"['G465G', 'T513I']",2,1,non-synonymous,F4,-5.016012648588803
523,"['G465G', 'T513T']",2,0,synonymous,F4,-4.952451781281937
524,"['G465G', 'V478G', 'Y505*']",3,2,stop,F4,-4.779582338273536
525,"['G465G', 'V478G']",2,1,non-synonymous,F4,-4.853127092794839
526,"['G465G', 'V478V', 'Y505Y']",3,0,synonymous,F4,-5.152026771414256
527,"['G465G', 'V478V']",2,0,synonymous,F4,-4.95216742284746
528,"['G465G', 'V500D']",2,1,non-synonymous,F4,-4.677664526162812
529,"['G465G', 'V509I']",2,1,non-synonymous,F4,-4.498814257638912
530,"['G465G', 'V509L']",2,1,non-synonymous,F4,-4.239325235928558
531,"['G465G', 'V509V']",2,0,synonymous,F4,-5.078482016892953
532,"['G465G', 'Y477C']",2,1,non-synonymous,F4,-5.066597972137396
533,"['G465G', 'Y477D']",2,1,non-synonymous,F4,-4.554227414175423
534,"['G465G', 'Y489*']",2,1,stop,F4,-4.952451781281937
535,"['G465G', 'Y489D']",2,1,non-synonymous,F4,-5.140284905875937
536,"['G465G', 'Y489H']",2,1,non-synonymous,F4,-5.00493726237165
537,"['G465G', 'Y489Y']",2,0,synonymous,F4,-5.0522392763480966
538,"['G465G', 'Y505*']",2,1,stop,F4,-3.9473395898595425
539,"['G465G', 'Y505Y']",2,0,synonymous,F4,-4.554227414175423
540,['G465G'],1,0,synonymous,F4,-2.5745411322413854
541,['G465S'],1,1,non-synonymous,F4,-4.636960477077055
542,['G465V'],1,1,non-synonymous,F4,-4.569351205081382
543,['G466A'],1,1,non-synonymous,F4,-4.95216742284746
544,['G466C'],1,1,non-synonymous,F4,-3.9663760495214806
545,['G466D'],1,1,non-synonymous,F4,-3.262709670266549
546,"['G466G', 'H468H']",2,0,synonymous,F4,-5.140284905875937
547,['G466G'],1,0,synonymous,F4,-4.3691438911814355
548,['G466S'],1,1,non-synonymous,F4,-2.7554624135508297
549,['G466V'],1,1,non-synonymous,F4,-4.3881072716408305
550,['G472A'],1,1,non-synonymous,F4,-5.154785780882475
551,['G472C'],1,1,non-synonymous,F4,-3.9355977243212235
552,['G472D'],1,1,non-synonymous,F4,-4.629209519658783
553,"['G472G', 'F487L']",2,1,non-synonymous,F4,-5.066597972137396
554,"['G472G', 'V478G']",2,1,non-synonymous,F4,-4.964193646820256
555,"['G472G', 'Y505*']",2,1,stop,F4,-4.765710155690653
556,['G472G'],1,0,synonymous,F4,-4.040355231592539
557,['G472S'],1,1,non-synonymous,F4,-4.674905516694594
558,['G472V'],1,1,non-synonymous,F4,-4.556003322602427
559,['G481*'],1,1,stop,F4,-4.702754274180087
560,['G481E'],1,1,non-synonymous,F4,-4.527007349113584
561,['G481G'],1,0,synonymous,F4,-4.512648653324284
562,['G481R'],1,1,non-synonymous,F4,-4.452309602064698
563,['G481V'],1,1,non-synonymous,F4,-3.950179285020134
564,['G497E'],1,1,non-synonymous,F4,-3.9417149525297295
565,"['G497G', 'V509I']",2,1,non-synonymous,F4,-5.140284905875937
566,['G497G'],1,0,synonymous,F4,-4.307292296383439
567,['G497R'],1,1,non-synonymous,F4,-4.063114708404869
568,['G497V'],1,1,non-synonymous,F4,-4.052639327337907
569,['G497W'],1,1,non-synonymous,F4,-3.7152411427123733
570,['H373H'],1,0,synonymous,F4,-4.094498815279549
571,['H373L'],1,1,non-synonymous,F4,-4.7026120949628485
572,['H373Q'],1,1,non-synonymous,F4,-4.501431087889893
573,['H373R'],1,1,non-synonymous,F4,-4.427967019060962
574,['H377H'],1,0,synonymous,F4,-3.978645662166759
575,['H377L'],1,1,non-synonymous,F4,-4.87999852576335
576,['H377N'],1,1,non-synonymous,F4,-4.4764220255649905
577,"['H377P', 'G465G']",2,1,non-synonymous,F4,-5.066740151354634
578,"['H377P', 'R381S']",2,2,non-synonymous,F4,-4.8760058380751765
579,['H377P'],1,1,non-synonymous,F4,-4.666527646420794
580,['H377Q'],1,1,non-synonymous,F4,-4.420618558960806
581,['H377R'],1,1,non-synonymous,F4,-4.952451781281937
582,['H377Y'],1,1,non-synonymous,F4,-4.328660260676987
583,['H400H'],1,0,synonymous,F4,-4.399922216381693
584,['H400L'],1,1,non-synonymous,F4,-5.152026771414256
585,['H400N'],1,1,non-synonymous,F4,-4.490436387365112
586,['H400Q'],1,1,non-synonymous,F4,-4.805300778714464
587,['H400Y'],1,1,non-synonymous,F4,-4.401724278516106
588,['H410H'],1,0,synonymous,F4,-4.060961480611073
589,['H410L'],1,1,non-synonymous,F4,-4.95216742284746
590,['H410N'],1,1,non-synonymous,F4,-4.516012648588803
591,['H410Q'],1,1,non-synonymous,F4,-4.512506474107045
592,['H410R'],1,1,non-synonymous,F4,-4.853269272012078
593,['H410Y'],1,1,non-synonymous,F4,-3.9025516672488223
594,"['H468H', 'G472G']",2,0,synonymous,F4,-5.0522392763480966
595,"['H468H', 'R469R']",2,0,synonymous,F4,-4.964051467603017
596,"['H468H', 'V478V']",2,0,synonymous,F4,-4.901582099298867
597,"['H468H', 'V509I']",2,1,non-synonymous,F4,-4.853269272012078
598,"['H468H', 'V509L']",2,1,non-synonymous,F4,-4.952309602064698
599,"['H468H', 'Y505*']",2,1,stop,F4,-4.756845772210436
600,['H468H'],1,0,synonymous,F4,-3.301768450525299
601,['H468N'],1,1,non-synonymous,F4,-3.900101751109532
602,['H468P'],1,1,non-synonymous,F4,-4.40727067648185
603,"['H468Q', 'V478V']",2,1,non-synonymous,F4,-5.0522392763480966
604,"['H468Q', 'V509I']",2,2,non-synonymous,F4,-4.95216742284746
605,"['H468Q', 'Y505*']",2,2,stop,F4,-5.154785780882475
606,"['H468Q', 'Y505Y']",2,1,non-synonymous,F4,-5.166527646420794
607,['H468Q'],1,1,non-synonymous,F4,-3.6257046627905845
608,['H468R'],1,1,non-synonymous,F4,-5.052097097130858
609,['H468Y'],1,1,non-synonymous,F4,-4.2623474780396915
610,['I379I'],1,0,synonymous,F4,-5.128543040337618
611,['I379L'],1,1,non-synonymous,F4,-4.813536469771027
612,['I389F'],1,1,non-synonymous,F4,-4.9160829743054055
613,['I389I'],1,0,synonymous,F4,-4.164357877584399
614,"['I389L', 'D421A']",2,2,non-synonymous,F4,-4.602824599896689
615,"['I389L', 'G465G']",2,1,non-synonymous,F4,-5.00493726237165
616,"['I389L', 'K398Q']",2,2,non-synonymous,F4,-5.140284905875937
617,"['I389L', 'P397P']",2,1,non-synonymous,F4,-5.154785780882475
618,"['I389L', 'R414R']",2,1,non-synonymous,F4,-4.813678648988265
619,"['I389L', 'R414S']",2,2,non-synonymous,F4,-4.73060303166558
620,"['I389L', 'Y415C']",2,2,non-synonymous,F4,-4.975935512358575
621,"['I389L', 'Y415S']",2,2,non-synonymous,F4,-5.128543040337618
622,['I389L'],1,1,non-synonymous,F4,-3.772355063844734
623,['I389V'],1,1,non-synonymous,F4,-4.669280879364781
624,['I395F'],1,1,non-synonymous,F4,-4.850996775750275
625,['I395I'],1,0,synonymous,F4,-3.8551472977372754
626,['I395L'],1,1,non-synonymous,F4,-4.978694521826793
627,['I395T'],1,1,non-synonymous,F4,-5.066597972137396
628,['I395V'],1,1,non-synonymous,F4,-4.651279606400717
629,['I471I'],1,0,synonymous,F4,-4.159839222357393
630,['I471K'],1,1,non-synonymous,F4,-4.683781754371317
631,['I471L'],1,1,non-synonymous,F4,-4.6801334006723225
632,['I471M'],1,1,non-synonymous,F4,-3.802941820236058
633,['I471R'],1,1,non-synonymous,F4,-4.717255149186624
634,['I471V'],1,1,non-synonymous,F4,-4.251209280684115
635,['I483K'],1,1,non-synonymous,F4,-4.683781754371317
636,['I483L'],1,1,non-synonymous,F4,-4.9160829743054055
637,['I483M'],1,1,non-synonymous,F4,-4.813536469771027
638,['I483R'],1,1,non-synonymous,F4,-4.15156683220693
639,"['I483T', 'V509I']",2,2,non-synonymous,F4,-5.140284905875937
640,['I483T'],1,1,non-synonymous,F4,-4.027630265013006
641,['I483V'],1,1,non-synonymous,F4,-4.264287551867797
642,"['I495I', 'D496D']",2,0,synonymous,F4,-5.052097097130858
643,['I495I'],1,0,synonymous,F4,-3.932353981214715
644,['I495N'],1,1,non-synonymous,F4,-4.867770147018614
645,['I495T'],1,1,non-synonymous,F4,-5.052097097130858
646,['I495V'],1,1,non-synonymous,F4,-4.8017946042327075
647,['I518I'],1,0,synonymous,F4,-5.152026771414256
648,['I518K'],1,1,non-synonymous,F4,-4.952309602064698
649,['I518M'],1,1,non-synonymous,F4,-5.152026771414256
650,['I518V'],1,1,non-synonymous,F4,-4.30748318141569
651,['I519I'],1,0,synonymous,F4,-4.776076163791779
652,['I519N'],1,1,non-synonymous,F4,-4.850996775750275
653,['K382I'],1,1,non-synonymous,F4,-4.87999852576335
654,['K382K'],1,0,synonymous,F4,-4.890506713081715
655,"['K382N', 'R414S']",2,2,non-synonymous,F4,-5.0522392763480966
656,['K382N'],1,1,non-synonymous,F4,-4.827513044673637
657,['K382T'],1,1,non-synonymous,F4,-4.95216742284746
658,['K398*'],1,1,stop,F4,-5.0522392763480966
659,['K398I'],1,1,non-synonymous,F4,-4.78006307495572
660,"['K398K', 'G464S']",2,1,non-synonymous,F4,-4.952309602064698
661,"['K398K', 'G465G']",2,0,synonymous,F4,-5.066740151354634
662,"['K398K', 'L461V']",2,1,non-synonymous,F4,-5.152026771414256
663,"['K398K', 'V509I']",2,1,non-synonymous,F4,-5.128543040337618
664,['K398K'],1,0,synonymous,F4,-3.508348567443325
665,['K398N'],1,1,non-synonymous,F4,-4.282949713379703
666,"['K398Q', 'R414S']",2,2,non-synonymous,F4,-4.989769908043947
667,['K398Q'],1,1,non-synonymous,F4,-4.817042644252784
668,['K398R'],1,1,non-synonymous,F4,-4.20714123633384
669,['K398T'],1,1,non-synonymous,F4,-4.95216742284746
670,['K433*'],1,1,stop,F4,-4.666527646420794
671,['K433E'],1,1,non-synonymous,F4,-4.853269272012078
672,['K433I'],1,1,non-synonymous,F4,-4.95216742284746
673,['K433K'],1,0,synonymous,F4,-4.7423448972039
674,"['K433N', 'G464S']",2,2,non-synonymous,F4,-5.040355231592539
675,['K433N'],1,1,non-synonymous,F4,-4.133454302595299
676,"['K433Q', 'N435H']",2,2,non-synonymous,F4,-5.166527646420794
677,['K433Q'],1,1,non-synonymous,F4,-4.541644626813127
678,['K433T'],1,1,non-synonymous,F4,-5.066740151354634
679,"['K451E', 'G465G']",2,1,non-synonymous,F4,-5.154785780882475
680,['K451E'],1,1,non-synonymous,F4,-4.776076163791779
681,"['K451I', 'G465G']",2,1,non-synonymous,F4,-4.629209519658784
682,['K451I'],1,1,non-synonymous,F4,-3.1531112318283547
683,['K451K'],1,0,synonymous,F4,-4.8760058380751765
684,['K451N'],1,1,non-synonymous,F4,-4.783088512755293
685,['K451R'],1,1,non-synonymous,F4,-4.827513044673637
686,['K454*'],1,1,stop,F4,-4.975935512358575
687,['K454E'],1,1,non-synonymous,F4,-4.144806839125699
688,['K454I'],1,1,non-synonymous,F4,-4.433464711211694
689,"['K454K', 'G464S']",2,1,non-synonymous,F4,-4.95216742284746
690,"['K454K', 'G465G']",2,0,synonymous,F4,-4.87999852576335
691,['K454K'],1,0,synonymous,F4,-3.304721635778181
692,"['K454N', 'A516T']",2,2,non-synonymous,F4,-4.952309602064698
693,"['K454N', 'G465G']",2,1,non-synonymous,F4,-4.067085169120494
694,['K454N'],1,1,non-synonymous,F4,-3.4943069467999806
695,['K454Q'],1,1,non-synonymous,F4,-3.7861203595154116
696,['K454R'],1,1,non-synonymous,F4,-4.549966780086294
697,['K454T'],1,1,non-synonymous,F4,-4.779582338273536
698,['K499E'],1,1,non-synonymous,F4,-3.995546172703636
699,['K499I'],1,1,non-synonymous,F4,-4.916225153522643
700,['K499K'],1,0,synonymous,F4,-4.95216742284746
701,['K499N'],1,1,non-synonymous,F4,-4.281098261653595
702,['K499R'],1,1,non-synonymous,F4,-4.500764608568726
703,['K499T'],1,1,non-synonymous,F4,-4.276218343009017
704,"['L376I', 'D421A']",2,2,non-synonymous,F4,-5.140284905875937
705,"['L376I', 'D421V']",2,2,non-synonymous,F4,-5.052097097130858
706,['L376I'],1,1,non-synonymous,F4,-4.106330774378446
707,['L376L'],1,0,synonymous,F4,-4.1138422111707
708,['L376P'],1,1,non-synonymous,F4,-4.382751758707337
709,['L376V'],1,1,non-synonymous,F4,-4.754086762742219
710,['L387F'],1,1,non-synonymous,F4,-4.253339597728679
711,['L387H'],1,1,non-synonymous,F4,-5.128543040337618
712,['L387I'],1,1,non-synonymous,F4,-4.376492351281593
713,['L387L'],1,0,synonymous,F4,-5.152026771414256
714,['L387P'],1,1,non-synonymous,F4,-5.128543040337618
715,['L387R'],1,1,non-synonymous,F4,-4.663021471939036
716,['L403F'],1,1,non-synonymous,F4,-4.228251167324962
717,['L403H'],1,1,non-synonymous,F4,-4.328518081459748
718,"['L403I', 'G465G']",2,1,non-synonymous,F4,-5.152026771414256
719,['L403I'],1,1,non-synonymous,F4,-3.8179234319247795
720,['L403L'],1,0,synonymous,F4,-4.369810370502602
721,['L403P'],1,1,non-synonymous,F4,-4.813678648988265
722,['L403R'],1,1,non-synonymous,F4,-4.952451781281937
723,['L461F'],1,1,non-synonymous,F4,-4.325780082553918
724,['L461H'],1,1,non-synonymous,F4,-4.526483049009656
725,"['L461I', 'G465G']",2,1,non-synonymous,F4,-5.016012648588803
726,['L461I'],1,1,non-synonymous,F4,-4.018285144850605
727,"['L461L', 'G465G']",2,0,synonymous,F4,-4.839254910211956
728,"['L461L', 'H468Q']",2,1,non-synonymous,F4,-5.140284905875937
729,['L461L'],1,0,synonymous,F4,-4.440665831933087
730,['L461P'],1,1,non-synonymous,F4,-4.850996775750275
731,"['L461V', 'A476V']",2,2,non-synonymous,F4,-4.901582099298867
732,"['L461V', 'A516T']",2,2,non-synonymous,F4,-4.717112969969386
733,"['L461V', 'D496D']",2,1,non-synonymous,F4,-4.806447994717815
734,"['L461V', 'G465G', 'F487L']",3,2,non-synonymous,F4,-5.154785780882475
735,"['L461V', 'G465G']",2,1,non-synonymous,F4,-4.295361505242219
736,"['L461V', 'G497G']",2,1,non-synonymous,F4,-4.901582099298867
737,"['L461V', 'H468H']",2,1,non-synonymous,F4,-4.894493624245656
738,"['L461V', 'H468Q']",2,2,non-synonymous,F4,-4.989769908043947
739,"['L461V', 'P462T']",2,2,non-synonymous,F4,-4.868250883700799
740,"['L461V', 'P501P']",2,1,non-synonymous,F4,-4.967557642084775
741,"['L461V', 'P512L']",2,2,non-synonymous,F4,-5.152026771414256
742,"['L461V', 'T482T']",2,1,non-synonymous,F4,-4.889840233760548
743,"['L461V', 'V478V']",2,1,non-synonymous,F4,-4.95216742284746
744,"['L461V', 'V509I']",2,2,non-synonymous,F4,-4.95216742284746
745,"['L461V', 'Y505*']",2,2,stop,F4,-4.894493624245656
746,['L461V'],1,1,non-synonymous,F4,-2.009561238355341
747,['L480L'],1,0,synonymous,F4,-4.186906229009819
748,['L480M'],1,1,non-synonymous,F4,-4.135575058061244
749,['L480P'],1,1,non-synonymous,F4,-4.435119433967343
750,['L480Q'],1,1,non-synonymous,F4,-4.554227414175423
751,['L480R'],1,1,non-synonymous,F4,-4.695523619909636
752,['L484*'],1,1,stop,F4,-5.00493726237165
753,['L484F'],1,1,non-synonymous,F4,-4.73060303166558
754,['L484I'],1,1,non-synonymous,F4,-4.677522346945574
755,['L484L'],1,0,synonymous,F4,-4.317442695242596
756,['L484V'],1,1,non-synonymous,F4,-5.00493726237165
757,['L491*'],1,1,stop,F4,-4.865497650756812
758,['L491F'],1,1,non-synonymous,F4,-4.126937023396981
759,['L491L'],1,0,synonymous,F4,-4.779582338273536
760,['L491M'],1,1,non-synonymous,F4,-4.600694282852125
761,['L491S'],1,1,non-synonymous,F4,-4.593463628581675
762,['L511I'],1,1,non-synonymous,F4,-3.8097336690588097
763,['L511L'],1,0,synonymous,F4,-4.427967019060962
764,['L511P'],1,1,non-synonymous,F4,-4.828037344777565
765,['L511Q'],1,1,non-synonymous,F4,-4.651279606400717
766,['M374I'],1,1,non-synonymous,F4,-4.328518081459748
767,"['M374L', 'D421A']",2,2,non-synonymous,F4,-4.593463628581675
768,"['M374L', 'D421V']",2,2,non-synonymous,F4,-5.00493726237165
769,"['M374L', 'G465G']",2,1,non-synonymous,F4,-5.0522392763480966
770,['M374L'],1,1,non-synonymous,F4,-4.717255149186624
771,['M374T'],1,1,non-synonymous,F4,-5.066597972137396
772,['M374V'],1,1,non-synonymous,F4,-4.469073565464834
773,['M508I'],1,1,non-synonymous,F4,-4.182495738992378
774,['M508K'],1,1,non-synonymous,F4,-4.139444951236856
775,['M508R'],1,1,non-synonymous,F4,-4.952309602064698
776,['M508T'],1,1,non-synonymous,F4,-4.952309602064698
777,['M508V'],1,1,non-synonymous,F4,-4.754086762742219
778,['N385D'],1,1,non-synonymous,F4,-4.978694521826793
779,['N385H'],1,1,non-synonymous,F4,-4.339921389533122
780,['N385I'],1,1,non-synonymous,F4,-4.622459602070518
781,['N385K'],1,1,non-synonymous,F4,-4.424603023796443
782,['N385N'],1,0,synonymous,F4,-4.108851734544617
783,['N385S'],1,1,non-synonymous,F4,-4.094307930247298
784,['N385T'],1,1,non-synonymous,F4,-4.728997014724944
785,['N393D'],1,1,non-synonymous,F4,-4.952309602064698
786,['N393H'],1,1,non-synonymous,F4,-4.6441911313475055
787,['N393I'],1,1,non-synonymous,F4,-4.702754274180087
788,['N393K'],1,1,non-synonymous,F4,-4.600552103634886
789,['N393N'],1,0,synonymous,F4,-4.256564793617608
790,['N393S'],1,1,non-synonymous,F4,-5.040355231592539
791,['N393T'],1,1,non-synonymous,F4,-4.776076163791779
792,['N393Y'],1,1,non-synonymous,F4,-4.8017946042327075
793,['N418D'],1,1,non-synonymous,F4,-4.40727067648185
794,"['N418H', 'D421A']",2,2,non-synonymous,F4,-4.756845772210436
795,"['N418H', 'G465G']",2,1,non-synonymous,F4,-5.052097097130858
796,['N418H'],1,1,non-synonymous,F4,-4.249039511847721
797,['N418I'],1,1,non-synonymous,F4,-4.828179523994803
798,['N418K'],1,1,non-synonymous,F4,-4.29518686586168
799,['N418N'],1,0,synonymous,F4,-4.325780082553918
800,['N418S'],1,1,non-synonymous,F4,-4.239325235928558
801,['N418T'],1,1,non-synonymous,F4,-5.0522392763480966
802,['N418Y'],1,1,non-synonymous,F4,-4.754086762742219
803,"['N435H', 'G464S']",2,2,non-synonymous,F4,-4.660283473033206
804,"['N435H', 'G465G']",2,1,non-synonymous,F4,-4.802541769246247
805,"['N435H', 'L461V']",2,2,non-synonymous,F4,-4.751209280684115
806,"['N435H', 'V509I']",2,2,non-synonymous,F4,-4.989769908043947
807,['N435H'],1,1,non-synonymous,F4,-3.3714412306226365
808,['N435I'],1,1,non-synonymous,F4,-4.8642639725368575
809,['N435K'],1,1,non-synonymous,F4,-5.066740151354634
810,['N435Y'],1,1,non-synonymous,F4,-4.578482016892953
811,"['N440D', 'E514E']",2,1,non-synonymous,F4,-3.956696564218451
812,['N440D'],1,1,non-synonymous,F4,-4.602824599896689
813,['N440K'],1,1,non-synonymous,F4,-4.453456818068048
814,['N440N'],1,0,synonymous,F4,-4.350249610736736
815,['N440S'],1,1,non-synonymous,F4,-4.952309602064698
816,['N490D'],1,1,non-synonymous,F4,-4.790799903707928
817,['N490K'],1,1,non-synonymous,F4,-4.40727067648185
818,['N490N'],1,0,synonymous,F4,-4.527816007651987
819,['N490S'],1,1,non-synonymous,F4,-4.420618558960806
820,['N490T'],1,1,non-synonymous,F4,-3.940826339622047
821,['P375A'],1,1,non-synonymous,F4,-5.154785780882475
822,"['P375H', 'A409T']",2,2,non-synonymous,F4,-5.00493726237165
823,"['P375H', 'A430T']",2,2,non-synonymous,F4,-4.952309602064698
824,"['P375H', 'A432T']",2,2,non-synonymous,F4,-4.952309602064698
825,"['P375H', 'A476T']",2,2,non-synonymous,F4,-5.166527646420794
826,"['P375H', 'A516T']",2,2,non-synonymous,F4,-5.140284905875937
827,"['P375H', 'D421A']",2,2,non-synonymous,F4,-4.016012648588802
828,"['P375H', 'D421G']",2,2,non-synonymous,F4,-4.95216742284746
829,"['P375H', 'D421V']",2,2,non-synonymous,F4,-4.636960477077055
830,"['P375H', 'E413*']",2,2,stop,F4,-5.078482016892953
831,"['P375H', 'F449C']",2,2,non-synonymous,F4,-5.00493726237165
832,"['P375H', 'F449L']",2,2,non-synonymous,F4,-4.827513044673637
833,"['P375H', 'F449V']",2,2,non-synonymous,F4,-4.564467655092831
834,"['P375H', 'G399G']",2,1,non-synonymous,F4,-4.8017946042327075
835,"['P375H', 'G448D']",2,2,non-synonymous,F4,-4.554227414175423
836,"['P375H', 'G448S']",2,2,non-synonymous,F4,-5.154785780882475
837,"['P375H', 'G450E']",2,2,non-synonymous,F4,-4.695523619909636
838,"['P375H', 'G450R']",2,2,non-synonymous,F4,-4.677664526162812
839,"['P375H', 'G464S']",2,2,non-synonymous,F4,-4.335930481413074
840,"['P375H', 'G465G']",2,1,non-synonymous,F4,-4.526483049009656
841,"['P375H', 'G466G']",2,1,non-synonymous,F4,-5.140284905875937
842,"['P375H', 'G466S']",2,2,non-synonymous,F4,-5.004270783050484
843,"['P375H', 'G497W']",2,2,non-synonymous,F4,-5.140284905875937
844,"['P375H', 'H468H']",2,1,non-synonymous,F4,-4.95216742284746
845,"['P375H', 'K398K']",2,1,non-synonymous,F4,-5.066597972137396
846,"['P375H', 'K454N']",2,2,non-synonymous,F4,-4.6908702294245295
847,"['P375H', 'L461V']",2,2,non-synonymous,F4,-4.4295730360015995
848,"['P375H', 'N435H']",2,2,non-synonymous,F4,-4.95216742284746
849,"['P375H', 'P390P']",2,1,non-synonymous,F4,-5.0522392763480966
850,"['P375H', 'P397P']",2,1,non-synonymous,F4,-5.066740151354634
851,"['P375H', 'P462T']",2,2,non-synonymous,F4,-5.0522392763480966
852,"['P375H', 'P515T']",2,2,non-synonymous,F4,-5.166527646420794
853,"['P375H', 'R414R']",2,1,non-synonymous,F4,-4.725490840243186
854,"['P375H', 'R414S']",2,2,non-synonymous,F4,-4.253481776945918
855,"['P375H', 'R469R']",2,1,non-synonymous,F4,-5.140284905875937
856,"['P375H', 'S405S']",2,1,non-synonymous,F4,-5.140284905875937
857,"['P375H', 'V396V']",2,1,non-synonymous,F4,-4.9413149015399185
858,"['P375H', 'V478V']",2,1,non-synonymous,F4,-4.9413149015399185
859,"['P375H', 'V509I']",2,2,non-synonymous,F4,-4.464193646820256
860,"['P375H', 'Y415C', 'G465G']",3,2,non-synonymous,F4,-5.140284905875937
861,"['P375H', 'Y415C']",2,2,non-synonymous,F4,-4.975935512358575
862,"['P375H', 'Y415F']",2,2,non-synonymous,F4,-4.688739912379965
863,"['P375H', 'Y415S']",2,2,non-synonymous,F4,-5.152026771414256
864,"['P375H', 'Y447Y']",2,1,non-synonymous,F4,-4.952451781281937
865,"['P375H', 'Y505*']",2,2,stop,F4,-5.016012648588803
866,['P375H'],1,1,non-synonymous,F4,-2.0974337621995662
867,"['P375L', 'A409T']",2,2,non-synonymous,F4,-4.853269272012078
868,"['P375L', 'A430T']",2,2,non-synonymous,F4,-5.152026771414256
869,"['P375L', 'A430V']",2,2,non-synonymous,F4,-4.964051467603017
870,"['P375L', 'A431T']",2,2,non-synonymous,F4,-4.916225153522643
871,"['P375L', 'A432G']",2,2,non-synonymous,F4,-4.989769908043947
872,"['P375L', 'A434V']",2,2,non-synonymous,F4,-5.128543040337618
873,"['P375L', 'A476T']",2,2,non-synonymous,F4,-5.066740151354634
874,"['P375L', 'A476V']",2,2,non-synonymous,F4,-4.95216742284746
875,"['P375L', 'A516T']",2,2,non-synonymous,F4,-4.651137427183479
876,"['P375L', 'D421A']",2,2,non-synonymous,F4,-3.986930212883355
877,"['P375L', 'D421G']",2,2,non-synonymous,F4,-5.040355231592539
878,"['P375L', 'D421V']",2,2,non-synonymous,F4,-4.4530567670782375
879,"['P375L', 'E391D']",2,2,non-synonymous,F4,-5.066597972137396
880,"['P375L', 'E514*']",2,2,stop,F4,-5.154785780882475
881,"['P375L', 'F449L']",2,2,non-synonymous,F4,-4.607958727063981
882,"['P375L', 'F449S']",2,2,non-synonymous,F4,-5.004270783050484
883,"['P375L', 'F449V']",2,2,non-synonymous,F4,-4.777452021228972
884,"['P375L', 'F449Y']",2,2,non-synonymous,F4,-4.794706129179496
885,"['P375L', 'F463I']",2,2,non-synonymous,F4,-5.154785780882475
886,"['P375L', 'G407D']",2,2,non-synonymous,F4,-4.95216742284746
887,"['P375L', 'G448D']",2,2,non-synonymous,F4,-4.112444278889524
888,"['P375L', 'G450E']",2,2,non-synonymous,F4,-4.751875760005281
889,"['P375L', 'G450R']",2,2,non-synonymous,F4,-4.776076163791779
890,"['P375L', 'G464S']",2,2,non-synonymous,F4,-4.408099378497185
891,"['P375L', 'G465G', 'Y505*']",3,2,stop,F4,-4.952309602064698
892,"['P375L', 'G465G']",2,1,non-synonymous,F4,-4.279459406772977
893,"['P375L', 'G466D']",2,2,non-synonymous,F4,-4.989769908043947
894,"['P375L', 'H468H']",2,1,non-synonymous,F4,-4.975935512358575
895,"['P375L', 'H468Q']",2,2,non-synonymous,F4,-4.975935512358575
896,"['P375L', 'I471M']",2,2,non-synonymous,F4,-5.154785780882475
897,"['P375L', 'K398K']",2,1,non-synonymous,F4,-5.140284905875937
898,"['P375L', 'K451I']",2,2,non-synonymous,F4,-5.066740151354634
899,"['P375L', 'K454K']",2,1,non-synonymous,F4,-5.152026771414256
900,"['P375L', 'K454N']",2,2,non-synonymous,F4,-4.717255149186625
901,"['P375L', 'L461V']",2,2,non-synonymous,F4,-4.1908702294245295
902,"['P375L', 'M508I']",2,2,non-synonymous,F4,-5.066740151354634
903,"['P375L', 'N435H']",2,2,non-synonymous,F4,-4.776076163791779
904,"['P375L', 'P390P']",2,1,non-synonymous,F4,-4.790799903707928
905,"['P375L', 'P397P']",2,1,non-synonymous,F4,-4.651137427183479
906,"['P375L', 'P462T']",2,2,non-synonymous,F4,-4.964193646820256
907,"['P375L', 'P503T']",2,2,non-synonymous,F4,-5.140284905875937
908,"['P375L', 'P512L']",2,2,non-synonymous,F4,-4.805300778714464
909,"['P375L', 'P515S']",2,2,non-synonymous,F4,-4.8017946042327075
910,"['P375L', 'P515T']",2,2,non-synonymous,F4,-4.663163651156275
911,"['P375L', 'R414R']",2,1,non-synonymous,F4,-4.674905516694594
912,"['P375L', 'R414S', 'G465G']",3,2,non-synonymous,F4,-4.955815776546455
913,"['P375L', 'R414S']",2,2,non-synonymous,F4,-4.430578072787711
914,"['P375L', 'R469S']",2,2,non-synonymous,F4,-4.952309602064698
915,"['P375L', 'S458P']",2,2,non-synonymous,F4,-4.853755785218493
916,"['P375L', 'T384P']",2,2,non-synonymous,F4,-4.964193646820256
917,"['P375L', 'T411M']",2,2,non-synonymous,F4,-4.989769908043947
918,"['P375L', 'V404V']",2,1,non-synonymous,F4,-5.066597972137396
919,"['P375L', 'V509I']",2,2,non-synonymous,F4,-4.038083419107419
920,"['P375L', 'V509L']",2,2,non-synonymous,F4,-4.223621003802746
921,"['P375L', 'Y408Y']",2,1,non-synonymous,F4,-5.0522392763480966
922,"['P375L', 'Y415C']",2,2,non-synonymous,F4,-4.554227414175423
923,"['P375L', 'Y415F']",2,2,non-synonymous,F4,-4.575118021628434
924,"['P375L', 'Y460Y']",2,1,non-synonymous,F4,-4.989769908043947
925,"['P375L', 'Y505*']",2,2,stop,F4,-4.989769908043947
926,"['P375L', 'Y505Y']",2,1,non-synonymous,F4,-4.989769908043947
927,['P375L'],1,1,non-synonymous,F4,-2.023807450029345
928,"['P375P', 'D421A']",2,1,non-synonymous,F4,-5.166527646420794
929,['P375P'],1,0,synonymous,F4,-4.3808857567197546
930,"['P375S', 'G464S']",2,2,non-synonymous,F4,-4.952309602064698
931,"['P375S', 'G465G']",2,1,non-synonymous,F4,-4.827513044673637
932,"['P375S', 'G466D']",2,2,non-synonymous,F4,-5.166527646420794
933,"['P375S', 'L461V']",2,2,non-synonymous,F4,-4.776076163791779
934,"['P375S', 'V452A']",2,2,non-synonymous,F4,-5.166527646420794
935,['P375S'],1,1,non-synonymous,F4,-3.387601669406144
936,['P375T'],1,1,non-synonymous,F4,-4.18027557988956
937,['P386A'],1,1,non-synonymous,F4,-5.066740151354634
938,['P386L'],1,1,non-synonymous,F4,-4.418836207249392
939,['P386P'],1,0,synonymous,F4,-4.889840233760548
940,['P386Q'],1,1,non-synonymous,F4,-3.897957069567477
941,['P386S'],1,1,non-synonymous,F4,-4.06611145893098
942,"['P386T', 'D421V']",2,2,non-synonymous,F4,-4.73060303166558
943,"['P386T', 'G464S']",2,2,non-synonymous,F4,-5.128543040337618
944,"['P386T', 'G465G']",2,1,non-synonymous,F4,-4.850996775750275
945,"['P386T', 'V509I']",2,2,non-synonymous,F4,-5.128543040337618
946,['P386T'],1,1,non-synonymous,F4,-3.6533788912701377
947,"['P390H', 'G465G']",2,1,non-synonymous,F4,-4.9785523426095555
948,['P390H'],1,1,non-synonymous,F4,-3.6583243959852343
949,['P390L'],1,1,non-synonymous,F4,-4.186764049792581
950,"['P390P', 'F449Y']",2,1,non-synonymous,F4,-5.154785780882475
951,"['P390P', 'G448D']",2,1,non-synonymous,F4,-4.952309602064698
952,"['P390P', 'G450R']",2,1,non-synonymous,F4,-4.916225153522643
953,"['P390P', 'G464S']",2,1,non-synonymous,F4,-4.783088512755293
954,"['P390P', 'G465G']",2,0,synonymous,F4,-4.95216742284746
955,"['P390P', 'L461V']",2,1,non-synonymous,F4,-5.140284905875937
956,"['P390P', 'R414S']",2,1,non-synonymous,F4,-5.078482016892953
957,['P390P'],1,0,synonymous,F4,-4.343018956466286
958,['P390S'],1,1,non-synonymous,F4,-4.125584076709019
959,['P390T'],1,1,non-synonymous,F4,-3.8935649817428724
960,"['P397L', 'G465G']",2,1,non-synonymous,F4,-5.052097097130858
961,['P397L'],1,1,non-synonymous,F4,-4.3470738044395025
962,"['P397P', 'A432G']",2,1,non-synonymous,F4,-5.140284905875937
963,"['P397P', 'D421A', 'N435H']",3,2,non-synonymous,F4,-4.868250883700799
964,"['P397P', 'D421A']",2,1,non-synonymous,F4,-3.902124329505917
965,"['P397P', 'D421G']",2,1,non-synonymous,F4,-5.128543040337618
966,"['P397P', 'D421V']",2,1,non-synonymous,F4,-4.95216742284746
967,"['P397P', 'F449L']",2,1,non-synonymous,F4,-4.927967019060962
968,"['P397P', 'F449V']",2,1,non-synonymous,F4,-4.728997014724944
969,"['P397P', 'G399G', 'D421A']",3,1,non-synonymous,F4,-4.614566465435008
970,"['P397P', 'G399G', 'D421V']",3,1,non-synonymous,F4,-5.166527646420794
971,"['P397P', 'G399G', 'G465G']",3,0,synonymous,F4,-5.052097097130858
972,"['P397P', 'G399G', 'Y415F', 'D421V']",4,2,non-synonymous,F4,-4.952309602064698
973,"['P397P', 'G399G', 'Y415F']",3,1,non-synonymous,F4,-5.066597972137396
974,"['P397P', 'G399G']",2,0,synonymous,F4,-4.277938534435387
975,"['P397P', 'G448D']",2,1,non-synonymous,F4,-4.500764608568726
976,"['P397P', 'G464S']",2,1,non-synonymous,F4,-4.776076163791779
977,"['P397P', 'G465G']",2,0,synonymous,F4,-4.95216742284746
978,"['P397P', 'L461V']",2,1,non-synonymous,F4,-4.927967019060962
979,"['P397P', 'N435H']",2,1,non-synonymous,F4,-4.87999852576335
980,"['P397P', 'R414R', 'Y505Y']",3,0,synonymous,F4,-5.140284905875937
981,"['P397P', 'R414R']",2,0,synonymous,F4,-4.927967019060962
982,"['P397P', 'R414S', 'D421A']",3,2,non-synonymous,F4,-5.0522392763480966
983,"['P397P', 'R414S']",2,1,non-synonymous,F4,-4.666527646420793
984,"['P397P', 'V509I']",2,1,non-synonymous,F4,-4.725633019460425
985,"['P397P', 'V509L']",2,1,non-synonymous,F4,-4.8017946042327075
986,"['P397P', 'Y415C']",2,1,non-synonymous,F4,-5.00493726237165
987,"['P397P', 'Y415S']",2,1,non-synonymous,F4,-4.952309602064698
988,"['P397P', 'Y505*']",2,1,stop,F4,-4.9785523426095555
989,['P397P'],1,0,synonymous,F4,-4.061103659828312
990,['P397Q'],1,1,non-synonymous,F4,-3.9473395898595425
991,"['P397S', 'G465G']",2,1,non-synonymous,F4,-5.040355231592539
992,['P397S'],1,1,non-synonymous,F4,-4.213892471535663
993,"['P397T', 'G465G']",2,1,non-synonymous,F4,-5.052097097130858
994,['P397T'],1,1,non-synonymous,F4,-3.8827517587073364
995,['P406L'],1,1,non-synonymous,F4,-3.895386631726292
996,"['P406P', 'G464S']",2,1,non-synonymous,F4,-5.154785780882475
997,"['P406P', 'G465G']",2,0,synonymous,F4,-5.040355231592539
998,['P406P'],1,0,synonymous,F4,-4.123430848915223
999,"['P406Q', 'G465G']",2,1,non-synonymous,F4,-4.989769908043947
1000,['P406Q'],1,1,non-synonymous,F4,-3.9438416382303205
1001,['P406S'],1,1,non-synonymous,F4,-4.254973326938446
1002,"['P406T', 'G464S']",2,2,non-synonymous,F4,-4.978694521826793
1003,"['P406T', 'G465G']",2,1,non-synonymous,F4,-5.140284905875937
1004,"['P406T', 'V509I']",2,2,non-synonymous,F4,-5.140284905875937
1005,['P406T'],1,1,non-synonymous,F4,-3.8860730248119193
1006,['P419L'],1,1,non-synonymous,F4,-4.093870122855895
1007,['P419P'],1,0,synonymous,F4,-4.084118508419274
1008,['P419Q'],1,1,non-synonymous,F4,-3.8850124007726308
1009,['P419S'],1,1,non-synonymous,F4,-4.382751758707337
1010,"['P419T', 'G465G']",2,1,non-synonymous,F4,-5.140284905875937
1011,['P419T'],1,1,non-synonymous,F4,-4.041988960802305
1012,['P424A'],1,1,non-synonymous,F4,-4.754086762742219
1013,"['P424H', 'G465G']",2,1,non-synonymous,F4,-5.166527646420794
1014,['P424H'],1,1,non-synonymous,F4,-3.986536886919331
1015,['P424L'],1,1,non-synonymous,F4,-4.4433551250239045
1016,['P424P'],1,0,synonymous,F4,-4.283445000323361
1017,['P424S'],1,1,non-synonymous,F4,-4.244871633894302
1018,"['P424T', 'G465G']",2,1,non-synonymous,F4,-4.827513044673637
1019,['P424T'],1,1,non-synonymous,F4,-3.821165110538562
1020,['P459L'],1,1,non-synonymous,F4,-4.487072392100593
1021,['P459P'],1,0,synonymous,F4,-4.87999852576335
1022,['P459Q'],1,1,non-synonymous,F4,-3.920224104282035
1023,['P459S'],1,1,non-synonymous,F4,-3.5838402258914117
1024,['P459T'],1,1,non-synonymous,F4,-4.531542933768984
1025,"['P462A', 'G465G']",2,1,non-synonymous,F4,-4.4295730360015995
1026,"['P462A', 'T482A']",2,2,non-synonymous,F4,-5.140284905875937
1027,"['P462A', 'V509I']",2,2,non-synonymous,F4,-5.0522392763480966
1028,['P462A'],1,1,non-synonymous,F4,-3.8879244765380276
1029,['P462H'],1,1,non-synonymous,F4,-4.019868102517399
1030,['P462L'],1,1,non-synonymous,F4,-3.9869302128833555
1031,"['P462P', 'G464S']",2,1,non-synonymous,F4,-5.154785780882475
1032,['P462P'],1,0,synonymous,F4,-4.155187149485843
1033,['P462R'],1,1,non-synonymous,F4,-5.066740151354634
1034,"['P462S', 'G465G']",2,1,non-synonymous,F4,-5.140284905875937
1035,['P462S'],1,1,non-synonymous,F4,-4.125134961262568
1036,"['P462T', 'G465G', 'F487L']",3,2,non-synonymous,F4,-4.865497650756812
1037,"['P462T', 'G465G', 'G466G']",3,1,non-synonymous,F4,-5.140284905875937
1038,"['P462T', 'G465G', 'H468H']",3,1,non-synonymous,F4,-4.975935512358575
1039,"['P462T', 'G465G']",2,1,non-synonymous,F4,-4.600694282852125
1040,"['P462T', 'G466G']",2,1,non-synonymous,F4,-5.152026771414256
1041,"['P462T', 'H468H']",2,1,non-synonymous,F4,-4.964193646820256
1042,"['P462T', 'Y505Y']",2,1,non-synonymous,F4,-4.952451781281937
1043,['P462T'],1,1,non-synonymous,F4,-3.3814293045403625
1044,['P501H'],1,1,non-synonymous,F4,-3.986930212883355
1045,['P501L'],1,1,non-synonymous,F4,-4.389889623352244
1046,['P501P'],1,0,synonymous,F4,-4.233383976878696
1047,['P501S'],1,1,non-synonymous,F4,-4.38837639603715
1048,['P501T'],1,1,non-synonymous,F4,-4.302461083553874
1049,['P503H'],1,1,non-synonymous,F4,-4.070984934291149
1050,['P503L'],1,1,non-synonymous,F4,-4.252545686329478
1051,['P503P'],1,0,synonymous,F4,-4.563981141886416
1052,['P503S'],1,1,non-synonymous,F4,-4.365497650756812
1053,['P503T'],1,1,non-synonymous,F4,-3.8978148903502388
1054,['P512A'],1,1,non-synonymous,F4,-5.128543040337618
1055,['P512H'],1,1,non-synonymous,F4,-3.924460844579205
1056,['P512L'],1,1,non-synonymous,F4,-2.710254630902198
1057,['P512P'],1,0,synonymous,F4,-3.761765175761197
1058,['P512S'],1,1,non-synonymous,F4,-3.6987985222883055
1059,['P512T'],1,1,non-synonymous,F4,-4.207554824745849
1060,['P515A'],1,1,non-synonymous,F4,-4.440665831933087
1061,['P515L'],1,1,non-synonymous,F4,-3.9766054386827716
1062,['P515P'],1,0,synonymous,F4,-4.023501174631826
1063,['P515Q'],1,1,non-synonymous,F4,-3.8884176299376927
1064,['P515S'],1,1,non-synonymous,F4,-3.3244996114576866
1065,['P515T'],1,1,non-synonymous,F4,-3.140073598853466
1066,['Q474*'],1,1,stop,F4,-4.33917554213314
1067,['Q474E'],1,1,non-synonymous,F4,-5.052097097130858
1068,['Q474H'],1,1,non-synonymous,F4,-4.95216742284746
1069,['Q474K'],1,1,non-synonymous,F4,-4.233383976878696
1070,['Q474Q'],1,0,synonymous,F4,-4.8760058380751765
1071,['Q474R'],1,1,non-synonymous,F4,-5.004270783050484
1072,['Q479*'],1,1,stop,F4,-4.265081463266998
1073,['Q479H'],1,1,non-synonymous,F4,-4.367770147018615
1074,['Q479K'],1,1,non-synonymous,F4,-3.70196162845264
1075,['Q479L'],1,1,non-synonymous,F4,-5.052097097130858
1076,['Q479P'],1,1,non-synonymous,F4,-4.790799903707928
1077,['Q479Q'],1,0,synonymous,F4,-3.6870069502602467
1078,['Q479R'],1,1,non-synonymous,F4,-4.250273190067675
1079,['R381*'],1,1,stop,F4,-4.975935512358575
1080,['R381G'],1,1,non-synonymous,F4,-4.350249610736736
1081,['R381I'],1,1,non-synonymous,F4,-4.435119433967343
1082,['R381K'],1,1,non-synonymous,F4,-4.777452021228972
1083,['R381R'],1,0,synonymous,F4,-4.975935512358575
1084,"['R381S', 'D421A', 'G465G']",3,2,non-synonymous,F4,-5.140284905875937
1085,"['R381S', 'D421A']",2,2,non-synonymous,F4,-4.651421785617956
1086,"['R381S', 'D421V', 'G465G']",3,2,non-synonymous,F4,-5.154785780882475
1087,"['R381S', 'D421V']",2,2,non-synonymous,F4,-4.8017946042327075
1088,"['R381S', 'G399G']",2,1,non-synonymous,F4,-5.152026771414256
1089,"['R381S', 'G465G']",2,1,non-synonymous,F4,-4.827513044673637
1090,"['R381S', 'P397P']",2,1,non-synonymous,F4,-5.00493726237165
1091,"['R381S', 'R414S']",2,2,non-synonymous,F4,-4.901724278516106
1092,"['R381S', 'Y505*']",2,2,stop,F4,-5.166527646420794
1093,['R381S'],1,1,non-synonymous,F4,-4.072576400970311
1094,"['R388G', 'G464S']",2,2,non-synonymous,F4,-5.154785780882475
1095,"['R388G', 'G465G']",2,1,non-synonymous,F4,-5.052097097130858
1096,['R388G'],1,1,non-synonymous,F4,-3.7622039812088954
1097,['R388K'],1,1,non-synonymous,F4,-4.827513044673637
1098,['R388M'],1,1,non-synonymous,F4,-3.9957541134010937
1099,['R388R'],1,0,synonymous,F4,-5.140284905875937
1100,['R388S'],1,1,non-synonymous,F4,-4.239325235928558
1101,['R388W'],1,1,non-synonymous,F4,-4.739991715249724
1102,['R414*'],1,1,stop,F4,-4.629690256340968
1103,['R414G'],1,1,non-synonymous,F4,-4.3447526023626875
1104,['R414I'],1,1,non-synonymous,F4,-4.238044811322941
1105,['R414K'],1,1,non-synonymous,F4,-4.651421785617956
1106,"['R414R', 'A432G']",2,1,non-synonymous,F4,-4.754086762742219
1107,"['R414R', 'A432V']",2,1,non-synonymous,F4,-5.0522392763480966
1108,"['R414R', 'D417A']",2,1,non-synonymous,F4,-5.154785780882475
1109,"['R414R', 'D421A', 'G465G']",3,1,non-synonymous,F4,-4.850996775750275
1110,"['R414R', 'D421A']",2,1,non-synonymous,F4,-4.089957454099917
1111,"['R414R', 'D421G']",2,1,non-synonymous,F4,-4.779582338273536
1112,"['R414R', 'D421V']",2,1,non-synonymous,F4,-4.753339597728679
1113,"['R414R', 'F449C']",2,1,non-synonymous,F4,-5.040355231592539
1114,"['R414R', 'F449L']",2,1,non-synonymous,F4,-4.9785523426095555
1115,"['R414R', 'G448D']",2,1,non-synonymous,F4,-4.500764608568726
1116,"['R414R', 'G464S']",2,1,non-synonymous,F4,-4.651137427183479
1117,"['R414R', 'G465G']",2,0,synonymous,F4,-4.5789685300993686
1118,"['R414R', 'H468Q']",2,1,non-synonymous,F4,-5.0522392763480966
1119,"['R414R', 'K454N']",2,1,non-synonymous,F4,-4.978694521826793
1120,"['R414R', 'L461V']",2,1,non-synonymous,F4,-4.8642639725368575
1121,"['R414R', 'P462T']",2,1,non-synonymous,F4,-5.140284905875937
1122,"['R414R', 'V509I']",2,1,non-synonymous,F4,-4.387709916715984
1123,"['R414R', 'Y415C', 'G465G']",3,1,non-synonymous,F4,-5.140284905875937
1124,"['R414R', 'Y415C']",2,1,non-synonymous,F4,-4.60136076217329
1125,"['R414R', 'Y415F']",2,1,non-synonymous,F4,-4.549966780086294
1126,"['R414R', 'Y415S']",2,1,non-synonymous,F4,-4.668657963465358
1127,"['R414R', 'Y460*']",2,1,stop,F4,-4.989769908043947
1128,"['R414R', 'Y505Y']",2,0,synonymous,F4,-4.434928548935092
1129,['R414R'],1,0,synonymous,F4,-2.962230523315593
1130,"['R414S', 'A431T']",2,2,non-synonymous,F4,-4.739991715249724
1131,"['R414S', 'A432G']",2,2,non-synonymous,F4,-4.471944604238527
1132,"['R414S', 'A516T']",2,2,non-synonymous,F4,-4.952451781281937
1133,"['R414S', 'D421A', 'G465G']",3,2,non-synonymous,F4,-5.140284905875937
1134,"['R414S', 'D421A']",2,2,non-synonymous,F4,-3.9727889059041517
1135,"['R414S', 'D421G']",2,2,non-synonymous,F4,-4.739991715249724
1136,"['R414S', 'D421V']",2,2,non-synonymous,F4,-4.95216742284746
1137,"['R414S', 'F449C']",2,2,non-synonymous,F4,-4.556145501819665
1138,"['R414S', 'F449I']",2,2,non-synonymous,F4,-4.6441911313475055
1139,"['R414S', 'F449L']",2,2,non-synonymous,F4,-4.84138522725652
1140,"['R414S', 'F449S']",2,2,non-synonymous,F4,-4.629209519658783
1141,"['R414S', 'F449V']",2,2,non-synonymous,F4,-4.60136076217329
1142,"['R414S', 'F449Y']",2,2,non-synonymous,F4,-4.615195157858662
1143,"['R414S', 'F487C']",2,2,non-synonymous,F4,-5.00493726237165
1144,"['R414S', 'G448D']",2,2,non-synonymous,F4,-4.291199954697738
1145,"['R414S', 'G450E']",2,2,non-synonymous,F4,-4.645831303841681
1146,"['R414S', 'G450R']",2,2,non-synonymous,F4,-4.343161135683524
1147,"['R414S', 'G464S', 'G465G']",3,2,non-synonymous,F4,-4.625703345177026
1148,"['R414S', 'G464S']",2,2,non-synonymous,F4,-4.482058517091312
1149,"['R414S', 'G465G', 'V478V']",3,1,non-synonymous,F4,-5.152026771414256
1150,"['R414S', 'G465G']",2,1,non-synonymous,F4,-4.674905516694594
1151,"['R414S', 'G466S']",2,2,non-synonymous,F4,-4.828179523994803
1152,"['R414S', 'H468H']",2,1,non-synonymous,F4,-5.0522392763480966
1153,"['R414S', 'K454N']",2,2,non-synonymous,F4,-4.5097684752012155
1154,"['R414S', 'L461V']",2,2,non-synonymous,F4,-4.247624866838288
1155,"['R414S', 'N435H']",2,2,non-synonymous,F4,-4.777452021228972
1156,"['R414S', 'P424T']",2,2,non-synonymous,F4,-5.154785780882475
1157,"['R414S', 'P512L']",2,2,non-synonymous,F4,-4.95216742284746
1158,"['R414S', 'P515T']",2,2,non-synonymous,F4,-4.989769908043947
1159,"['R414S', 'R467I']",2,2,non-synonymous,F4,-4.514778970368848
1160,"['R414S', 'V445L']",2,2,non-synonymous,F4,-4.927967019060962
1161,"['R414S', 'V478V']",2,1,non-synonymous,F4,-4.49531630600969
1162,"['R414S', 'V509I']",2,2,non-synonymous,F4,-4.199124114623325
1163,"['R414S', 'V509L']",2,2,non-synonymous,F4,-4.46729121375342
1164,"['R414S', 'Y415C', 'A431T']",3,3,non-synonymous,F4,-4.805300778714464
1165,"['R414S', 'Y415C', 'A432G', 'G465G']",4,3,non-synonymous,F4,-5.140284905875937
1166,"['R414S', 'Y415C', 'A432G']",3,3,non-synonymous,F4,-4.850996775750275
1167,"['R414S', 'Y415C', 'D421A']",3,3,non-synonymous,F4,-4.989769908043947
1168,"['R414S', 'Y415C', 'G464S']",3,3,non-synonymous,F4,-4.952309602064698
1169,"['R414S', 'Y415C', 'G465G']",3,2,non-synonymous,F4,-4.964051467603017
1170,"['R414S', 'Y415C']",2,2,non-synonymous,F4,-4.009626295983978
1171,"['R414S', 'Y415F']",2,2,non-synonymous,F4,-4.5789685300993686
1172,"['R414S', 'Y415S', 'D421A']",3,3,non-synonymous,F4,-5.140284905875937
1173,"['R414S', 'Y415S']",2,2,non-synonymous,F4,-4.677522346945574
1174,"['R414S', 'Y505Y']",2,1,non-synonymous,F4,-4.828179523994803
1175,['R414S'],1,1,non-synonymous,F4,-3.1228271807324806
1176,['R426C'],1,1,non-synonymous,F4,-3.9236669331800034
1177,['R426H'],1,1,non-synonymous,F4,-4.391129628981137
1178,['R426L'],1,1,non-synonymous,F4,-4.253026423011662
1179,['R426P'],1,1,non-synonymous,F4,-4.067141519958003
1180,['R426R'],1,0,synonymous,F4,-4.952451781281937
1181,['R426S'],1,1,non-synonymous,F4,-4.464051467603017
1182,['R467G'],1,1,non-synonymous,F4,-4.541021710913705
1183,"['R467I', 'V509L']",2,2,non-synonymous,F4,-4.952309602064698
1184,['R467I'],1,1,non-synonymous,F4,-3.2254802936861133
1185,['R467K'],1,1,non-synonymous,F4,-4.552097097130858
1186,"['R467R', 'H468H']",2,0,synonymous,F4,-4.989769908043947
1187,"['R467R', 'V478V']",2,0,synonymous,F4,-5.166527646420794
1188,['R467R'],1,0,synonymous,F4,-4.654785780882474
1189,['R467S'],1,1,non-synonymous,F4,-3.9283670700507733
1190,['R467T'],1,1,non-synonymous,F4,-4.989769908043947
1191,['R469*'],1,1,stop,F4,-5.140284905875937
1192,['R469G'],1,1,non-synonymous,F4,-4.186713640374367
1193,['R469I'],1,1,non-synonymous,F4,-4.1693799754462155
1194,['R469K'],1,1,non-synonymous,F4,-4.783088512755293
1195,['R469R'],1,0,synonymous,F4,-4.390506713081715
1196,['R469S'],1,1,non-synonymous,F4,-4.471203882509398
1197,['R492*'],1,1,stop,F4,-4.978694521826793
1198,['R492G'],1,1,non-synonymous,F4,-4.479033079291739
1199,['R492I'],1,1,non-synonymous,F4,-4.188802723518387
1200,['R492K'],1,1,non-synonymous,F4,-4.6908702294245295
1201,['R492R'],1,0,synonymous,F4,-4.5817217630433555
1202,['S378C'],1,1,non-synonymous,F4,-4.776076163791779
1203,['S378G'],1,1,non-synonymous,F4,-4.354903001221843
1204,['S378I'],1,1,non-synonymous,F4,-4.337521948092237
1205,"['S378N', 'G465G']",2,1,non-synonymous,F4,-5.040355231592539
1206,['S378N'],1,1,non-synonymous,F4,-3.8882494508580683
1207,['S378S'],1,0,synonymous,F4,-4.108370997862433
1208,['S378T'],1,1,non-synonymous,F4,-4.717255149186624
1209,['S405C'],1,1,non-synonymous,F4,-4.9160829743054055
1210,['S405G'],1,1,non-synonymous,F4,-4.271207847841384
1211,['S405I'],1,1,non-synonymous,F4,-4.373606396634292
1212,['S405N'],1,1,non-synonymous,F4,-3.7541240525144772
1213,['S405R'],1,1,non-synonymous,F4,-4.4785523426095555
1214,"['S405S', 'G448D']",2,1,non-synonymous,F4,-4.952309602064698
1215,"['S405S', 'G450R']",2,1,non-synonymous,F4,-4.916225153522643
1216,"['S405S', 'G464S']",2,1,non-synonymous,F4,-4.95216742284746
1217,"['S405S', 'G465G']",2,0,synonymous,F4,-4.817042644252784
1218,"['S405S', 'L461V']",2,1,non-synonymous,F4,-4.952451781281937
1219,"['S405S', 'V509L']",2,1,non-synonymous,F4,-5.040355231592539
1220,['S405S'],1,0,synonymous,F4,-3.367987364869431
1221,['S412C'],1,1,non-synonymous,F4,-4.706518320434418
1222,['S412G'],1,1,non-synonymous,F4,-4.805300778714464
1223,"['S412I', 'V509I']",2,2,non-synonymous,F4,-4.952309602064698
1224,['S412I'],1,1,non-synonymous,F4,-4.343161135683524
1225,['S412N'],1,1,non-synonymous,F4,-4.491900225088511
1226,['S412R'],1,1,non-synonymous,F4,-4.754086762742219
1227,['S412S'],1,0,synonymous,F4,-5.140284905875937
1228,['S412T'],1,1,non-synonymous,F4,-4.827513044673637
1229,['S436F'],1,1,non-synonymous,F4,-4.602824599896689
1230,['S436S'],1,0,synonymous,F4,-4.95216742284746
1231,['S436Y'],1,1,non-synonymous,F4,-4.171321102848767
1232,['S438G'],1,1,non-synonymous,F4,-4.95216742284746
1233,['S438I'],1,1,non-synonymous,F4,-4.438961719585743
1234,['S438N'],1,1,non-synonymous,F4,-4.353755785218493
1235,"['S438R', 'G464S']",2,2,non-synonymous,F4,-5.066740151354634
1236,['S438R'],1,1,non-synonymous,F4,-4.450037105802895
1237,['S438S'],1,0,synonymous,F4,-4.273867607383146
1238,['S441F'],1,1,non-synonymous,F4,-4.328660260676987
1239,['S441P'],1,1,non-synonymous,F4,-4.9160829743054055
1240,['S441S'],1,0,synonymous,F4,-4.213750292318425
1241,['S441T'],1,1,non-synonymous,F4,-4.850996775750275
1242,"['S441Y', 'G465G', 'K499E']",3,2,non-synonymous,F4,-4.952309602064698
1243,"['S441Y', 'K499E']",2,2,non-synonymous,F4,-3.550239885897023
1244,['S441Y'],1,1,non-synonymous,F4,-4.147315605986006
1245,['S442C'],1,1,non-synonymous,F4,-4.813678648988265
1246,['S442G'],1,1,non-synonymous,F4,-4.087387634273712
1247,['S442I'],1,1,non-synonymous,F4,-4.3760058380751765
1248,['S442N'],1,1,non-synonymous,F4,-4.054949426156281
1249,['S442S'],1,0,synonymous,F4,-5.0522392763480966
1250,['S453*'],1,1,stop,F4,-4.000764608568726
1251,['S453A'],1,1,non-synonymous,F4,-4.4764220255649905
1252,['S453L'],1,1,non-synonymous,F4,-4.443497304241143
1253,['S453P'],1,1,non-synonymous,F4,-4.901582099298867
1254,['S453S'],1,0,synonymous,F4,-4.4144230913882305
1255,['S457C'],1,1,non-synonymous,F4,-5.00493726237165
1256,['S457G'],1,1,non-synonymous,F4,-4.182353559775139
1257,['S457I'],1,1,non-synonymous,F4,-4.501573267107131
1258,['S457N'],1,1,non-synonymous,F4,-3.931822472989558
1259,['S457R'],1,1,non-synonymous,F4,-4.817042644252783
1260,['S457S'],1,0,synonymous,F4,-4.148812777328519
1261,"['S458*', 'G465G']",2,1,stop,F4,-5.128543040337618
1262,"['S458*', 'H468Q']",2,2,stop,F4,-5.0522392763480966
1263,['S458*'],1,1,stop,F4,-4.343018956466286
1264,"['S458L', 'G465G']",2,1,non-synonymous,F4,-4.777452021228972
1265,['S458L'],1,1,non-synonymous,F4,-4.079024247100002
1266,"['S458P', 'G465G']",2,1,non-synonymous,F4,-4.208738479537234
1267,['S458P'],1,1,non-synonymous,F4,-3.5109050813684783
1268,"['S458S', 'G465G']",2,0,synonymous,F4,-4.513842879752408
1269,"['S458S', 'H468H']",2,0,synonymous,F4,-4.990436387365112
1270,"['S458S', 'P459T']",2,1,non-synonymous,F4,-5.166527646420794
1271,"['S458S', 'P462T']",2,1,non-synonymous,F4,-5.154785780882475
1272,['S458S'],1,0,synonymous,F4,-4.663021471939036
1273,['S506C'],1,1,non-synonymous,F4,-4.850996775750275
1274,['S506G'],1,1,non-synonymous,F4,-4.299664287188143
1275,['S506I'],1,1,non-synonymous,F4,-4.174301848511851
1276,['S506N'],1,1,non-synonymous,F4,-4.012506474107045
1277,['S506R'],1,1,non-synonymous,F4,-4.501431087889893
1278,['S506S'],1,0,synonymous,F4,-4.265081463266998
1279,['S507A'],1,1,non-synonymous,F4,-4.402877271043687
1280,['S507F'],1,1,non-synonymous,F4,-4.610717736532199
1281,['S507P'],1,1,non-synonymous,F4,-4.901724278516106
1282,['S507S'],1,0,synonymous,F4,-4.622459602070518
1283,['S507T'],1,1,non-synonymous,F4,-4.640951385197103
1284,['S507Y'],1,1,non-synonymous,F4,-4.401724278516106
1285,['T384A'],1,1,non-synonymous,F4,-4.512648653324284
1286,['T384I'],1,1,non-synonymous,F4,-4.421722845673375
1287,['T384N'],1,1,non-synonymous,F4,-4.567887367357984
1288,"['T384P', 'D421A']",2,2,non-synonymous,F4,-4.6519460857218835
1289,"['T384P', 'G399G']",2,1,non-synonymous,F4,-5.052097097130858
1290,"['T384P', 'P397P']",2,1,non-synonymous,F4,-5.140284905875937
1291,"['T384P', 'R414S']",2,2,non-synonymous,F4,-4.754086762742219
1292,"['T384P', 'Y415S']",2,2,non-synonymous,F4,-4.952309602064698
1293,['T384P'],1,1,non-synonymous,F4,-3.870291107184786
1294,['T384S'],1,1,non-synonymous,F4,-4.813678648988265
1295,['T384T'],1,0,synonymous,F4,-4.776076163791779
1296,['T392I'],1,1,non-synonymous,F4,-4.333535036928296
1297,['T392N'],1,1,non-synonymous,F4,-4.486930212883355
1298,['T392S'],1,1,non-synonymous,F4,-4.765081463266998
1299,"['T392T', 'G465G']",2,0,synonymous,F4,-4.839921389533122
1300,['T392T'],1,0,synonymous,F4,-4.003038422444087
1301,"['T411A', 'F449I']",2,2,non-synonymous,F4,-5.066597972137396
1302,['T411A'],1,1,non-synonymous,F4,-3.8935636641293145
1303,['T411K'],1,1,non-synonymous,F4,-4.534858223218491
1304,"['T411M', 'D421A']",2,2,non-synonymous,F4,-4.916225153522643
1305,"['T411M', 'G464S']",2,2,non-synonymous,F4,-4.8017946042327075
1306,"['T411M', 'G465G']",2,1,non-synonymous,F4,-4.526483049009656
1307,"['T411M', 'L461V']",2,2,non-synonymous,F4,-4.901582099298867
1308,"['T411M', 'R414S']",2,2,non-synonymous,F4,-5.154785780882475
1309,['T411M'],1,1,non-synonymous,F4,-2.947215604784538
1310,"['T411P', 'D421A']",2,2,non-synonymous,F4,-5.078482016892953
1311,"['T411P', 'E420G']",2,2,non-synonymous,F4,-5.040355231592539
1312,"['T411P', 'Y415S']",2,2,non-synonymous,F4,-4.739325235928558
1313,['T411P'],1,1,non-synonymous,F4,-4.0696176334127365
1314,['T411S'],1,1,non-synonymous,F4,-4.629690256340968
1315,"['T411T', 'G465G']",2,0,synonymous,F4,-5.166527646420794
1316,['T411T'],1,0,synonymous,F4,-3.802904033338546
1317,['T425A'],1,1,non-synonymous,F4,-4.1060497957856175
1318,['T425I'],1,1,non-synonymous,F4,-4.20714123633384
1319,['T425K'],1,1,non-synonymous,F4,-4.593870122855895
1320,['T425P'],1,1,non-synonymous,F4,-5.154785780882475
1321,['T425S'],1,1,non-synonymous,F4,-4.805300778714464
1322,['T425T'],1,0,synonymous,F4,-4.87999852576335
1323,"['T429A', 'G465G']",2,1,non-synonymous,F4,-4.975935512358575
1324,['T429A'],1,1,non-synonymous,F4,-3.7897168728296737
1325,"['T429I', 'F449V']",2,2,non-synonymous,F4,-5.166527646420794
1326,"['T429I', 'L461V']",2,2,non-synonymous,F4,-5.052097097130858
1327,['T429I'],1,1,non-synonymous,F4,-3.8732718528478696
1328,['T429N'],1,1,non-synonymous,F4,-4.251209280684115
1329,['T429P'],1,1,non-synonymous,F4,-4.615195157858662
1330,['T429S'],1,1,non-synonymous,F4,-4.952309602064698
1331,['T429T'],1,0,synonymous,F4,-4.739991715249724
1332,['T482A'],1,1,non-synonymous,F4,-4.469740044786
1333,['T482I'],1,1,non-synonymous,F4,-4.166927697410605
1334,['T482N'],1,1,non-synonymous,F4,-4.251875760005281
1335,['T482P'],1,1,non-synonymous,F4,-4.21720628952659
1336,['T482T'],1,0,synonymous,F4,-4.314022982977443
1337,['T485K'],1,1,non-synonymous,F4,-4.252545686329478
1338,['T485M'],1,1,non-synonymous,F4,-4.227632759981934
1339,['T485P'],1,1,non-synonymous,F4,-4.357514054948592
1340,['T485T'],1,0,synonymous,F4,-4.259366732376607
1341,['T486K'],1,1,non-synonymous,F4,-3.905630503987674
1342,['T486M'],1,1,non-synonymous,F4,-3.856771722796407
1343,['T486P'],1,1,non-synonymous,F4,-4.717255149186624
1344,['T486R'],1,1,non-synonymous,F4,-4.677522346945574
1345,['T486T'],1,0,synonymous,F4,-4.120735779300174
1346,['T494A'],1,1,non-synonymous,F4,-3.762205298822453
1347,['T494I'],1,1,non-synonymous,F4,-4.514778970368848
1348,['T494N'],1,1,non-synonymous,F4,-4.20810978711358
1349,['T494P'],1,1,non-synonymous,F4,-4.952451781281937
1350,['T494S'],1,1,non-synonymous,F4,-5.052097097130858
1351,['T494T'],1,0,synonymous,F4,-4.964051467603017
1352,['T513A'],1,1,non-synonymous,F4,-4.552097097130858
1353,['T513I'],1,1,non-synonymous,F4,-3.4764220255649905
1354,['T513N'],1,1,non-synonymous,F4,-4.387142717817195
1355,['T513S'],1,1,non-synonymous,F4,-5.152026771414256
1356,['T513T'],1,0,synonymous,F4,-3.8954262552037795
1357,['V383F'],1,1,non-synonymous,F4,-4.299522107970905
1358,['V383I'],1,1,non-synonymous,F4,-4.95216742284746
1359,"['V383V', 'D421A']",2,1,non-synonymous,F4,-5.0522392763480966
1360,['V383V'],1,0,synonymous,F4,-4.754086762742219
1361,['V396A'],1,1,non-synonymous,F4,-4.096588103220175
1362,['V396D'],1,1,non-synonymous,F4,-4.889840233760548
1363,['V396F'],1,1,non-synonymous,F4,-4.292433632917693
1364,['V396G'],1,1,non-synonymous,F4,-5.078482016892953
1365,['V396I'],1,1,non-synonymous,F4,-4.113962797252265
1366,"['V396V', 'A431T']",2,1,non-synonymous,F4,-4.955815776546455
1367,"['V396V', 'A432D']",2,1,non-synonymous,F4,-5.066740151354634
1368,"['V396V', 'A432G']",2,1,non-synonymous,F4,-4.901724278516106
1369,"['V396V', 'D421A']",2,1,non-synonymous,F4,-4.725490840243186
1370,"['V396V', 'D421V']",2,1,non-synonymous,F4,-4.8017946042327075
1371,"['V396V', 'G448D']",2,1,non-synonymous,F4,-4.95216742284746
1372,"['V396V', 'G450R']",2,1,non-synonymous,F4,-4.978694521826793
1373,"['V396V', 'G464S']",2,1,non-synonymous,F4,-4.776076163791779
1374,"['V396V', 'G465G']",2,0,synonymous,F4,-4.306928731399999
1375,"['V396V', 'L461V']",2,1,non-synonymous,F4,-4.901582099298867
1376,"['V396V', 'P397P']",2,0,synonymous,F4,-4.828037344777565
1377,"['V396V', 'P406Q']",2,1,non-synonymous,F4,-5.128543040337618
1378,"['V396V', 'P424T']",2,1,non-synonymous,F4,-5.140284905875937
1379,"['V396V', 'R414R']",2,0,synonymous,F4,-4.978694521826793
1380,"['V396V', 'R414S', 'Y415C']",3,2,non-synonymous,F4,-4.978694521826793
1381,"['V396V', 'R414S']",2,1,non-synonymous,F4,-4.574975842411195
1382,"['V396V', 'V509I']",2,1,non-synonymous,F4,-4.989769908043947
1383,"['V396V', 'Y415C']",2,1,non-synonymous,F4,-4.7039072667076685
1384,"['V396V', 'Y415F']",2,1,non-synonymous,F4,-5.00493726237165
1385,"['V396V', 'Y415S']",2,1,non-synonymous,F4,-5.040355231592539
1386,['V396V'],1,0,synonymous,F4,-4.217735885868809
1387,['V402A'],1,1,non-synonymous,F4,-5.052097097130858
1388,['V402F'],1,1,non-synonymous,F4,-4.348969186131119
1389,['V402G'],1,1,non-synonymous,F4,-4.9785523426095555
1390,['V402I'],1,1,non-synonymous,F4,-4.350249610736736
1391,['V404A'],1,1,non-synonymous,F4,-4.1998781097355415
1392,['V404D'],1,1,non-synonymous,F4,-4.989769908043947
1393,['V404F'],1,1,non-synonymous,F4,-4.196416627390274
1394,['V404G'],1,1,non-synonymous,F4,-4.8760058380751765
1395,"['V404I', 'D421A']",2,2,non-synonymous,F4,-4.989769908043947
1396,"['V404I', 'G465G']",2,1,non-synonymous,F4,-4.6195885632968245
1397,['V404I'],1,1,non-synonymous,F4,-3.3954799512834963
1398,['V404L'],1,1,non-synonymous,F4,-4.53889139386914
1399,"['V404V', 'G450R']",2,1,non-synonymous,F4,-5.066740151354634
1400,"['V404V', 'G464S']",2,1,non-synonymous,F4,-5.066740151354634
1401,['V404V'],1,0,synonymous,F4,-3.84253244325987
1402,['V437A'],1,1,non-synonymous,F4,-4.952451781281937
1403,['V437I'],1,1,non-synonymous,F4,-4.251209280684115
1404,['V437L'],1,1,non-synonymous,F4,-4.50364209062683
1405,['V437V'],1,0,synonymous,F4,-4.6908702294245295
1406,['V445A'],1,1,non-synonymous,F4,-4.952451781281937
1407,['V445I'],1,1,non-synonymous,F4,-4.850996775750275
1408,"['V445L', 'G465G']",2,1,non-synonymous,F4,-4.626937023396981
1409,['V445L'],1,1,non-synonymous,F4,-4.482058517091312
1410,['V445V'],1,0,synonymous,F4,-4.827513044673637
1411,"['V452A', 'A516T']",2,2,non-synonymous,F4,-4.967557642084774
1412,"['V452A', 'G465G']",2,1,non-synonymous,F4,-4.0028481792276285
1413,['V452A'],1,1,non-synonymous,F4,-3.238311765040587
1414,['V452I'],1,1,non-synonymous,F4,-4.024422714211679
1415,['V452L'],1,1,non-synonymous,F4,-4.531400754551745
1416,['V452V'],1,0,synonymous,F4,-4.8676279678013765
1417,['V456A'],1,1,non-synonymous,F4,-4.828037344777565
1418,['V456F'],1,1,non-synonymous,F4,-4.753339597728679
1419,['V456I'],1,1,non-synonymous,F4,-3.7864272957446237
1420,['V456V'],1,0,synonymous,F4,-4.153096748728265
1421,['V478A'],1,1,non-synonymous,F4,-4.952309602064698
1422,['V478D'],1,1,non-synonymous,F4,-4.776076163791779
1423,['V478F'],1,1,non-synonymous,F4,-4.198454188299128
1424,"['V478G', 'Y505*']",2,2,stop,F4,-4.964051467603017
1425,['V478G'],1,1,non-synonymous,F4,-4.446861299505662
1426,['V478I'],1,1,non-synonymous,F4,-3.956696564218451
1427,"['V478V', 'F487C']",2,1,non-synonymous,F4,-4.828037344777565
1428,"['V478V', 'Y505Y']",2,0,synonymous,F4,-4.95216742284746
1429,['V478V'],1,0,synonymous,F4,-4.347554541121687
1430,['V488A'],1,1,non-synonymous,F4,-5.166527646420794
1431,['V488D'],1,1,non-synonymous,F4,-4.7039072667076685
1432,['V488F'],1,1,non-synonymous,F4,-4.249476318564397
1433,['V488I'],1,1,non-synonymous,F4,-4.567220888036818
1434,['V488V'],1,0,synonymous,F4,-4.8676279678013765
1435,['V500D'],1,1,non-synonymous,F4,-4.3691438911814355
1436,['V500F'],1,1,non-synonymous,F4,-4.190076318025328
1437,['V500I'],1,1,non-synonymous,F4,-4.467557642084775
1438,['V500V'],1,0,synonymous,F4,-4.328037344777565
1439,['V509A'],1,1,non-synonymous,F4,-4.674905516694594
1440,['V509D'],1,1,non-synonymous,F4,-4.651421785617956
1441,['V509F'],1,1,non-synonymous,F4,-4.275459074062308
1442,"['V509I', 'A516T']",2,2,non-synonymous,F4,-4.839254910211956
1443,['V509I'],1,1,non-synonymous,F4,-2.0859718232308295
1444,"['V509L', 'A516T']",2,2,non-synonymous,F4,-4.8017946042327075
1445,"['V509L', 'P515T']",2,2,non-synonymous,F4,-5.040355231592539
1446,['V509L'],1,1,non-synonymous,F4,-2.1838994063959123
1447,['V509V'],1,0,synonymous,F4,-4.607958727063981
1448,['V510A'],1,1,non-synonymous,F4,-4.669280879364781
1449,['V510D'],1,1,non-synonymous,F4,-4.964051467603017
1450,['V510F'],1,1,non-synonymous,F4,-4.089957454099917
1451,['V510G'],1,1,non-synonymous,F4,-4.975935512358575
1452,['V510I'],1,1,non-synonymous,F4,-4.399922216381693
1453,['V510V'],1,0,synonymous,F4,-4.87999852576335
1454,['W427*'],1,1,stop,F4,-4.401582099298867
1455,"['W427C', 'G465G']",2,1,non-synonymous,F4,-4.9785523426095555
1456,['W427C'],1,1,non-synonymous,F4,-4.004672151653852
1457,['W427G'],1,1,non-synonymous,F4,-4.73060303166558
1458,"['W427L', 'G465G']",2,1,non-synonymous,F4,-4.9160829743054055
1459,"['W427L', 'K454N']",2,2,non-synonymous,F4,-5.154785780882475
1460,"['W427L', 'L461V']",2,2,non-synonymous,F4,-5.052097097130858
1461,"['W427L', 'V509I']",2,2,non-synonymous,F4,-5.140284905875937
1462,['W427L'],1,1,non-synonymous,F4,-3.815718872472252
1463,['W427R'],1,1,non-synonymous,F4,-4.369810370502602
1464,['W493*'],1,1,stop,F4,-4.501573267107131
1465,['W493C'],1,1,non-synonymous,F4,-4.049886094393921
1466,"['W493G', 'Y505*']",2,2,stop,F4,-4.850996775750275
1467,['W493G'],1,1,non-synonymous,F4,-4.677664526162812
1468,['W493L'],1,1,non-synonymous,F4,-3.880885756719755
1469,['W493R'],1,1,non-synonymous,F4,-4.615052978641424
1470,['W520G'],1,1,non-synonymous,F4,-5.140284905875937
1471,['W520R'],1,1,non-synonymous,F4,-5.00493726237165
1472,['Y394*'],1,1,stop,F4,-4.424460844579205
1473,['Y394C'],1,1,non-synonymous,F4,-4.95216742284746
1474,['Y394F'],1,1,non-synonymous,F4,-5.016012648588803
1475,['Y394H'],1,1,non-synonymous,F4,-4.717112969969387
1476,['Y394S'],1,1,non-synonymous,F4,-5.00493726237165
1477,['Y394Y'],1,0,synonymous,F4,-4.129210837272341
1478,['Y401*'],1,1,stop,F4,-4.615195157858662
1479,['Y401C'],1,1,non-synonymous,F4,-4.596216861525662
1480,['Y401F'],1,1,non-synonymous,F4,-4.850996775750275
1481,['Y401H'],1,1,non-synonymous,F4,-4.717255149186624
1482,['Y401Y'],1,0,synonymous,F4,-3.852546651574987
1483,['Y408*'],1,1,stop,F4,-4.8760058380751765
1484,['Y408F'],1,1,non-synonymous,F4,-4.95216742284746
1485,"['Y408H', 'D421A']",2,2,non-synonymous,F4,-4.8642639725368575
1486,"['Y408H', 'G465G']",2,1,non-synonymous,F4,-4.6908702294245295
1487,['Y408H'],1,1,non-synonymous,F4,-3.8707468564795486
1488,"['Y408Y', 'G464S']",2,1,non-synonymous,F4,-4.955815776546455
1489,"['Y408Y', 'G465G']",2,0,synonymous,F4,-5.016012648588803
1490,"['Y408Y', 'V509I']",2,1,non-synonymous,F4,-4.964193646820256
1491,"['Y408Y', 'V509L']",2,1,non-synonymous,F4,-4.952309602064698
1492,['Y408Y'],1,0,synonymous,F4,-3.475357242999295
1493,['Y415*'],1,1,stop,F4,-4.3843432253865
1494,"['Y415C', 'A431T']",2,2,non-synonymous,F4,-4.740133894466962
1495,"['Y415C', 'A432G', 'G465G']",3,2,non-synonymous,F4,-5.166527646420794
1496,"['Y415C', 'A432G']",2,2,non-synonymous,F4,-4.526520835907167
1497,"['Y415C', 'A432V']",2,2,non-synonymous,F4,-5.140284905875937
1498,"['Y415C', 'D421A']",2,2,non-synonymous,F4,-4.410585965931356
1499,"['Y415C', 'D421G']",2,2,non-synonymous,F4,-4.952451781281937
1500,"['Y415C', 'D421V']",2,2,non-synonymous,F4,-4.73060303166558
1501,"['Y415C', 'F416V']",2,2,non-synonymous,F4,-5.0522392763480966
1502,"['Y415C', 'G448S']",2,2,non-synonymous,F4,-5.066740151354634
1503,"['Y415C', 'G450E']",2,2,non-synonymous,F4,-4.806447994717815
1504,"['Y415C', 'G450R']",2,2,non-synonymous,F4,-4.794706129179496
1505,"['Y415C', 'G464S']",2,2,non-synonymous,F4,-4.423586781932997
1506,"['Y415C', 'G465G', 'H468Q']",3,2,non-synonymous,F4,-5.166527646420794
1507,"['Y415C', 'G465G', 'V478V']",3,1,non-synonymous,F4,-5.066740151354634
1508,"['Y415C', 'G465G']",2,1,non-synonymous,F4,-4.607958727063981
1509,"['Y415C', 'H468H']",2,1,non-synonymous,F4,-5.152026771414256
1510,"['Y415C', 'K454N']",2,2,non-synonymous,F4,-4.765710155690653
1511,"['Y415C', 'L461V']",2,2,non-synonymous,F4,-4.526483049009656
1512,"['Y415C', 'N435H']",2,2,non-synonymous,F4,-5.128543040337618
1513,"['Y415C', 'P424T']",2,2,non-synonymous,F4,-4.8642639725368575
1514,"['Y415C', 'R467S']",2,2,non-synonymous,F4,-5.140284905875937
1515,"['Y415C', 'V509I']",2,2,non-synonymous,F4,-4.301938101063504
1516,"['Y415C', 'Y505Y']",2,1,non-synonymous,F4,-4.952451781281937
1517,['Y415C'],1,1,non-synonymous,F4,-3.0185902238121036
1518,['Y415D'],1,1,non-synonymous,F4,-5.00493726237165
1519,"['Y415F', 'A431T']",2,2,non-synonymous,F4,-5.152026771414256
1520,"['Y415F', 'A432D']",2,2,non-synonymous,F4,-4.964051467603017
1521,"['Y415F', 'A432G']",2,2,non-synonymous,F4,-4.754086762742219
1522,"['Y415F', 'D421A', 'G465G']",3,2,non-synonymous,F4,-5.140284905875937
1523,"['Y415F', 'D421A']",2,2,non-synonymous,F4,-4.294563949962258
1524,"['Y415F', 'D421G']",2,2,non-synonymous,F4,-4.9160829743054055
1525,"['Y415F', 'D421V', 'G465G']",3,2,non-synonymous,F4,-5.078482016892953
1526,"['Y415F', 'D421V']",2,2,non-synonymous,F4,-4.224030449522819
1527,"['Y415F', 'F449L']",2,2,non-synonymous,F4,-4.850996775750275
1528,"['Y415F', 'F449V']",2,2,non-synonymous,F4,-5.078482016892953
1529,"['Y415F', 'F449Y']",2,2,non-synonymous,F4,-5.004270783050484
1530,"['Y415F', 'G450E']",2,2,non-synonymous,F4,-4.728997014724944
1531,"['Y415F', 'G450R']",2,2,non-synonymous,F4,-5.004270783050484
1532,"['Y415F', 'G464S']",2,2,non-synonymous,F4,-4.95216742284746
1533,"['Y415F', 'G465G']",2,1,non-synonymous,F4,-4.512648653324284
1534,"['Y415F', 'H468H']",2,1,non-synonymous,F4,-5.152026771414256
1535,"['Y415F', 'H468Q']",2,2,non-synonymous,F4,-5.0522392763480966
1536,"['Y415F', 'L461V']",2,2,non-synonymous,F4,-4.538224914547975
1537,"['Y415F', 'N435H']",2,2,non-synonymous,F4,-4.975935512358575
1538,"['Y415F', 'P462A']",2,2,non-synonymous,F4,-5.140284905875937
1539,"['Y415F', 'S458P']",2,2,non-synonymous,F4,-5.066740151354634
1540,"['Y415F', 'T429A']",2,2,non-synonymous,F4,-4.839254910211956
1541,"['Y415F', 'V478V']",2,1,non-synonymous,F4,-4.990436387365112
1542,"['Y415F', 'V509I']",2,2,non-synonymous,F4,-4.534858223218491
1543,"['Y415F', 'Y505*']",2,2,stop,F4,-5.154785780882475
1544,['Y415F'],1,1,non-synonymous,F4,-3.032877234525888
1545,"['Y415S', 'A432G']",2,2,non-synonymous,F4,-4.850996775750275
1546,"['Y415S', 'D421A']",2,2,non-synonymous,F4,-4.226160766567384
1547,"['Y415S', 'D421G']",2,2,non-synonymous,F4,-4.853269272012078
1548,"['Y415S', 'D421V', 'G465G']",3,2,non-synonymous,F4,-5.154785780882475
1549,"['Y415S', 'D421V']",2,2,non-synonymous,F4,-4.739991715249724
1550,"['Y415S', 'F449L']",2,2,non-synonymous,F4,-5.052097097130858
1551,"['Y415S', 'F449V']",2,2,non-synonymous,F4,-5.078482016892953
1552,"['Y415S', 'F449Y']",2,2,non-synonymous,F4,-5.154785780882475
1553,"['Y415S', 'G448D']",2,2,non-synonymous,F4,-4.768321209417401
1554,"['Y415S', 'G450E']",2,2,non-synonymous,F4,-4.927967019060962
1555,"['Y415S', 'G450R']",2,2,non-synonymous,F4,-4.853755785218493
1556,"['Y415S', 'G464S']",2,2,non-synonymous,F4,-4.636960477077055
1557,"['Y415S', 'G465G']",2,1,non-synonymous,F4,-4.554227414175423
1558,"['Y415S', 'H468Q']",2,2,non-synonymous,F4,-5.0522392763480966
1559,"['Y415S', 'L461V']",2,2,non-synonymous,F4,-4.73060303166558
1560,"['Y415S', 'N435H']",2,2,non-synonymous,F4,-4.975935512358575
1561,"['Y415S', 'V509I']",2,2,non-synonymous,F4,-4.534858223218491
1562,['Y415S'],1,1,non-synonymous,F4,-3.061746683152686
1563,['Y415Y'],1,0,synonymous,F4,-4.204388003389853
1564,['Y447*'],1,1,stop,F4,-4.273945846747214
1565,['Y447C'],1,1,non-synonymous,F4,-4.106240680817868
1566,['Y447F'],1,1,non-synonymous,F4,-4.927967019060962
1567,"['Y447Y', 'F449C']",2,1,non-synonymous,F4,-4.8676279678013765
1568,"['Y447Y', 'F449L']",2,1,non-synonymous,F4,-5.040355231592539
1569,"['Y447Y', 'G448D']",2,1,non-synonymous,F4,-4.952309602064698
1570,"['Y447Y', 'G464S']",2,1,non-synonymous,F4,-4.7039072667076685
1571,"['Y447Y', 'G465G']",2,0,synonymous,F4,-4.827513044673637
1572,"['Y447Y', 'L461V']",2,1,non-synonymous,F4,-4.78006307495572
1573,['Y447Y'],1,0,synonymous,F4,-3.17620864700952
1574,"['Y460*', 'G465G', 'G466G']",3,1,stop,F4,-4.964051467603017
1575,"['Y460*', 'G465G', 'H468H']",3,1,stop,F4,-5.078482016892953
1576,"['Y460*', 'G465G']",2,1,stop,F4,-4.596216861525662
1577,"['Y460*', 'H468H']",2,1,stop,F4,-5.00493726237165
1578,"['Y460*', 'H468Q']",2,2,stop,F4,-4.975935512358575
1579,"['Y460*', 'P462T']",2,2,stop,F4,-5.154785780882475
1580,['Y460*'],1,1,stop,F4,-3.7194375518878493
1581,['Y460C'],1,1,non-synonymous,F4,-5.154785780882475
1582,"['Y460D', 'G465G']",2,1,non-synonymous,F4,-4.9160829743054055
1583,['Y460D'],1,1,non-synonymous,F4,-4.189406391701131
1584,"['Y460H', 'G465G']",2,1,non-synonymous,F4,-4.87999852576335
1585,['Y460H'],1,1,non-synonymous,F4,-4.168043569800853
1586,['Y460N'],1,1,non-synonymous,F4,-4.61780621158541
1587,"['Y460S', 'G465G']",2,1,non-synonymous,F4,-4.702754274180087
1588,['Y460S'],1,1,non-synonymous,F4,-4.074975842411195
1589,"['Y460Y', 'G464G']",2,0,synonymous,F4,-4.964051467603017
1590,"['Y460Y', 'G465G']",2,0,synonymous,F4,-4.765081463266998
1591,"['Y460Y', 'H468H']",2,0,synonymous,F4,-4.964051467603017
1592,['Y460Y'],1,0,synonymous,F4,-3.7928217424775816
1593,['Y477*'],1,1,stop,F4,-4.438961719585743
1594,['Y477C'],1,1,non-synonymous,F4,-4.266190892372837
1595,['Y477D'],1,1,non-synonymous,F4,-4.271209165454942
1596,['Y477H'],1,1,non-synonymous,F4,-5.00493726237165
1597,['Y477N'],1,1,non-synonymous,F4,-4.753339597728679
1598,['Y477S'],1,1,non-synonymous,F4,-4.732236760875346
1599,['Y477Y'],1,0,synonymous,F4,-3.963257556203816
1600,['Y489*'],1,1,stop,F4,-4.651137427183479
1601,['Y489C'],1,1,non-synonymous,F4,-4.952451781281937
1602,['Y489D'],1,1,non-synonymous,F4,-4.566597972137396
1603,['Y489H'],1,1,non-synonymous,F4,-4.567887367357984
1604,['Y489N'],1,1,non-synonymous,F4,-4.61780621158541
1605,['Y489Y'],1,0,synonymous,F4,-4.765710155690653
1606,['Y498*'],1,1,stop,F4,-4.9413149015399185
1607,['Y498H'],1,1,non-synonymous,F4,-4.14564041880943
1608,['Y498N'],1,1,non-synonymous,F4,-4.626937023396981
1609,"['Y505*', 'V509L']",2,2,stop,F4,-5.040355231592539
1610,['Y505*'],1,1,stop,F4,-3.850249610736736
1611,['Y505H'],1,1,non-synonymous,F4,-4.732236760875346
1612,['Y505N'],1,1,non-synonymous,F4,-4.783088512755293
1613,"['Y505Y', 'V509I']",2,1,non-synonymous,F4,-4.68027557988956
1614,['Y505Y'],1,0,synonymous,F4,-3.4205803711723024
1615,[None],0,0,wt,F4,-0.14027130998149903
